Standard_Nepali,POS,parsed_tokens,parsed_labels,token_count,label_count,match,sentence
"प्रधानमन्त्री, केपी, शर्मा, ओली, ले, सिंहदरबार, मा, नयाँ, आर्थिक, नीति, सार्वजनिक, गरेका, छन्, ।","NOUN, PROPN, PROPN, PROPN, ADP, PROPN, ADP, ADJ, ADJ, NOUN, ADJ, VERB, AUX, PUNCT","['प्रधानमन्त्री', 'केपी', 'शर्मा', 'ओली', 'ले', 'सिंहदरबार', 'मा', 'नयाँ', 'आर्थिक', 'नीति', 'सार्वजनिक', 'गरेका', 'छन्', '।']","['NOUN', 'PROPN', 'PROPN', 'PROPN', 'ADP', 'PROPN', 'ADP', 'ADJ', 'ADJ', 'NOUN', 'ADJ', 'VERB', 'AUX', 'PUNCT']",14,14,True,प्रधानमन्त्री केपी शर्मा ओली ले सिंहदरबार मा नयाँ आर्थिक नीति सार्वजनिक गरेका छन् ।
"नेपाल, सरकार, ले, आर्थिक, वर्ष, २०२६/२७, का, लागि, बजेट, प्रस्तुत, गरेको, छ, ।","PROPN, NOUN, ADP, ADJ, NOUN, NUM, ADP, ADP, NOUN, VERB, VERB, AUX, PUNCT","['नेपाल', 'सरकार', 'ले', 'आर्थिक', 'वर्ष', '२०२६/२७', 'का', 'लागि', 'बजेट', 'प्रस्तुत', 'गरेको', 'छ', '।']","['PROPN', 'NOUN', 'ADP', 'ADJ', 'NOUN', 'NUM', 'ADP', 'ADP', 'NOUN', 'VERB', 'VERB', 'AUX', 'PUNCT']",13,13,True,नेपाल सरकार ले आर्थिक वर्ष २०२६/२७ का लागि बजेट प्रस्तुत गरेको छ ।
"काठमाडौँ, महानगरपालिका, ले, दरबारमार्ग, क्षेत्र, मा, सडक, विस्तार, कार्य, सुरु, गरेको, छ, ।","PROPN, NOUN, ADP, PROPN, NOUN, ADP, NOUN, NOUN, NOUN, VERB, VERB, AUX, PUNCT","['काठमाडौँ', 'महानगरपालिका', 'ले', 'दरबारमार्ग', 'क्षेत्र', 'मा', 'सडक', 'विस्तार', 'कार्य', 'सुरु', 'गरेको', 'छ', '।']","['PROPN', 'NOUN', 'ADP', 'PROPN', 'NOUN', 'ADP', 'NOUN', 'NOUN', 'NOUN', 'VERB', 'VERB', 'AUX', 'PUNCT']",13,13,True,काठमाडौँ महानगरपालिका ले दरबारमार्ग क्षेत्र मा सडक विस्तार कार्य सुरु गरेको छ ।
"नेपाली, कांग्रेस, ले, बुटवल, मा, आयोजना, गरेको, कार्यक्रम, मा, नयाँ, घोषणा, पत्र, सार्वजनिक, गरेको, छ, ।","ADJ, PROPN, ADP, PROPN, ADP, NOUN, VERB, NOUN, ADP, ADJ, NOUN, NOUN, VERB, VERB, AUX, PUNCT","['नेपाली', 'कांग्रेस', 'ले', 'बुटवल', 'मा', 'आयोजना', 'गरेको', 'कार्यक्रम', 'मा', 'नयाँ', 'घोषणा', 'पत्र', 'सार्वजनिक', 'गरेको', 'छ', '।']","['ADJ', 'PROPN', 'ADP', 'PROPN', 'ADP', 'NOUN', 'VERB', 'NOUN', 'ADP', 'ADJ', 'NOUN', 'NOUN', 'VERB', 'VERB', 'AUX', 'PUNCT']",16,16,True,नेपाली कांग्रेस ले बुटवल मा आयोजना गरेको कार्यक्रम मा नयाँ घोषणा पत्र सार्वजनिक गरेको छ ।
"गृहमन्त्री, रवि, लामिछाने, ले, चितवन, मा, सुरक्षा, अवस्था, बारे, निरीक्षण, गरेका, छन्, ।","PROPN, PROPN, PROPN, ADP, PROPN, ADP, NOUN, NOUN, ADP, NOUN, VERB, AUX, PUNCT","['गृहमन्त्री', 'रवि', 'लामिछाने', 'ले', 'चितवन', 'मा', 'सुरक्षा', 'अवस्था', 'बारे', 'निरीक्षण', 'गरेका', 'छन्', '।']","['PROPN', 'PROPN', 'PROPN', 'ADP', 'PROPN', 'ADP', 'NOUN', 'NOUN', 'ADP', 'NOUN', 'VERB', 'AUX', 'PUNCT']",13,13,True,गृहमन्त्री रवि लामिछाने ले चितवन मा सुरक्षा अवस्था बारे निरीक्षण गरेका छन् ।
"नेकपा, (, माओवादी, ), विपक्षी, दल, ले, सरकार, को, निर्णय, प्रति, आपत्ति, जनाएको, छ, ।","PROPN, PUNCT, PROPN, PUNCT, ADJ, NOUN, ADP, NOUN, ADP, NOUN, ADP, NOUN, VERB, AUX, PUNCT","['नेकपा', '(', 'माओवादी', ')', 'विपक्षी', 'दल', 'ले', 'सरकार', 'को', 'निर्णय', 'प्रति', 'आपत्ति', 'जनाएको', 'छ', '।']","['PROPN', 'PUNCT', 'PROPN', 'PUNCT', 'ADJ', 'NOUN', 'ADP', 'NOUN', 'ADP', 'NOUN', 'ADP', 'NOUN', 'VERB', 'AUX', 'PUNCT']",15,15,True,नेकपा ( माओवादी ) विपक्षी दल ले सरकार को निर्णय प्रति आपत्ति जनाएको छ ।
"सगरमाथा, क्षेत्र, मा, पर्यटन, प्रवर्द्धन, गर्न, संस्कृति, पर्यटन, तथा, नागरिक, उड्डयन, मन्त्रालय, ले, विशेष, योजना, ल्याएको, छ, ।","PROPN, NOUN, ADP, NOUN, NOUN, VERB, NOUN, NOUN, CCONJ, NOUN, NOUN, NOUN, ADP, ADJ, NOUN, VERB, AUX, PUNCT","['सगरमाथा', 'क्षेत्र', 'मा', 'पर्यटन', 'प्रवर्द्धन', 'गर्न', 'संस्कृति', 'पर्यटन', 'तथा', 'नागरिक', 'उड्डयन', 'मन्त्रालय', 'ले', 'विशेष', 'योजना', 'ल्याएको', 'छ', '।']","['PROPN', 'NOUN', 'ADP', 'NOUN', 'NOUN', 'VERB', 'NOUN', 'NOUN', 'CCONJ', 'NOUN', 'NOUN', 'NOUN', 'ADP', 'ADJ', 'NOUN', 'VERB', 'AUX', 'PUNCT']",18,18,True,सगरमाथा क्षेत्र मा पर्यटन प्रवर्द्धन गर्न संस्कृति पर्यटन तथा नागरिक उड्डयन मन्त्रालय ले विशेष योजना ल्याएको छ ।
"त्रिभुवन, अन्तर्राष्ट्रिय, विमानस्थल, मा, हिमालय, एयरलाइन्स, को, जहाज, अवतरण, गरेको, छ, ।","PROPN, ADJ, NOUN, ADP, PROPN, PROPN, ADP, NOUN, NOUN, VERB, AUX, PUNCT","['त्रिभुवन', 'अन्तर्राष्ट्रिय', 'विमानस्थल', 'मा', 'हिमालय', 'एयरलाइन्स', 'को', 'जहाज', 'अवतरण', 'गरेको', 'छ', '।']","['PROPN', 'ADJ', 'NOUN', 'ADP', 'PROPN', 'PROPN', 'ADP', 'NOUN', 'NOUN', 'VERB', 'AUX', 'PUNCT']",12,12,True,त्रिभुवन अन्तर्राष्ट्रिय विमानस्थल मा हिमालय एयरलाइन्स को जहाज अवतरण गरेको छ ।
"लुम्बिनी, प्रदेश, सरकार, ले, बर्दिया, मा, स्वास्थ्य, शिविर, सञ्चालन, गरेको, छ, ।","PROPN, NOUN, NOUN, ADP, PROPN, ADP, NOUN, NOUN, NOUN, VERB, AUX, PUNCT","['लुम्बिनी', 'प्रदेश', 'सरकार', 'ले', 'बर्दिया', 'मा', 'स्वास्थ्य', 'शिविर', 'सञ्चालन', 'गरेको', 'छ', '।']","['PROPN', 'NOUN', 'NOUN', 'ADP', 'PROPN', 'ADP', 'NOUN', 'NOUN', 'NOUN', 'VERB', 'AUX', 'PUNCT']",12,12,True,लुम्बिनी प्रदेश सरकार ले बर्दिया मा स्वास्थ्य शिविर सञ्चालन गरेको छ ।
"पोखरा, रंगशाला, मा, आयोजित, साफ, महिला, च्याम्पियनसिप, २०२५, मा, भारत, ले, नेपाल, लाई, पराजित, गरेको, छ, ।","PROPN, NOUN, ADP, VERB, PROPN, ADJ, NOUN, NUM, ADP, PROPN, ADP, PROPN, ADP, NOUN, VERB, AUX, PUNCT","['पोखरा', 'रंगशाला', 'मा', 'आयोजित', 'साफ', 'महिला', 'च्याम्पियनसिप', '२०२५', 'मा', 'भारत', 'ले', 'नेपाल', 'लाई', 'पराजित', 'गरेको', 'छ', '।']","['PROPN', 'NOUN', 'ADP', 'VERB', 'PROPN', 'ADJ', 'NOUN', 'NUM', 'ADP', 'PROPN', 'ADP', 'PROPN', 'ADP', 'NOUN', 'VERB', 'AUX', 'PUNCT']",17,17,True,पोखरा रंगशाला मा आयोजित साफ महिला च्याम्पियनसिप २०२५ मा भारत ले नेपाल लाई पराजित गरेको छ ।
"राष्ट्रपति, रामचन्द्र, पौडेल, ले, शीतल, निवास, मा, नयाँ, राजदूत, लाई, नियुक्ति, पत्र, प्रदान, गरेका, छन्, ।","PROPN, PROPN, PROPN, ADP, PROPN, NOUN, ADP, ADJ, NOUN, ADP, NOUN, NOUN, VERB, VERB, AUX, PUNCT","['राष्ट्रपति', 'रामचन्द्र', 'पौडेल', 'ले', 'शीतल', 'निवास', 'मा', 'नयाँ', 'राजदूत', 'लाई', 'नियुक्ति', 'पत्र', 'प्रदान', 'गरेका', 'छन्', '।']","['PROPN', 'PROPN', 'PROPN', 'ADP', 'PROPN', 'NOUN', 'ADP', 'ADJ', 'NOUN', 'ADP', 'NOUN', 'NOUN', 'VERB', 'VERB', 'AUX', 'PUNCT']",16,16,True,राष्ट्रपति रामचन्द्र पौडेल ले शीतल निवास मा नयाँ राजदूत लाई नियुक्ति पत्र प्रदान गरेका छन् ।
"सर्वोच्च, अदालत, ले, काठमाडौँ, मा, ऐतिहासिक, फैसला, सुनाएको, छ, ।","ADJ, NOUN, ADP, PROPN, ADP, ADJ, NOUN, VERB, AUX, PUNCT","['सर्वोच्च', 'अदालत', 'ले', 'काठमाडौँ', 'मा', 'ऐतिहासिक', 'फैसला', 'सुनाएको', 'छ', '।']","['ADJ', 'NOUN', 'ADP', 'PROPN', 'ADP', 'ADJ', 'NOUN', 'VERB', 'AUX', 'PUNCT']",10,10,True,सर्वोच्च अदालत ले काठमाडौँ मा ऐतिहासिक फैसला सुनाएको छ ।
"एमाले, अध्यक्ष, केपी, शर्मा, ओली, ले, झापा, मा, पार्टी, सभा, सम्बोधन, गरेका, छन्, ।","PROPN, NOUN, PROPN, PROPN, PROPN, ADP, PROPN, ADP, NOUN, NOUN, NOUN, VERB, AUX, PUNCT","['एमाले', 'अध्यक्ष', 'केपी', 'शर्मा', 'ओली', 'ले', 'झापा', 'मा', 'पार्टी', 'सभा', 'सम्बोधन', 'गरेका', 'छन्', '।']","['PROPN', 'NOUN', 'PROPN', 'PROPN', 'PROPN', 'ADP', 'PROPN', 'ADP', 'NOUN', 'NOUN', 'NOUN', 'VERB', 'AUX', 'PUNCT']",14,14,True,एमाले अध्यक्ष केपी शर्मा ओली ले झापा मा पार्टी सभा सम्बोधन गरेका छन् ।
"अञ्जन, विष्ट, ले, नयाँ, राष्ट्रिय, कीर्तिमान, कायम, गरेका, छन्, ।","PROPN, PROPN, ADP, ADJ, ADJ, NOUN, VERB, VERB, AUX, PUNCT","['अञ्जन', 'विष्ट', 'ले', 'नयाँ', 'राष्ट्रिय', 'कीर्तिमान', 'कायम', 'गरेका', 'छन्', '।']","['PROPN', 'PROPN', 'ADP', 'ADJ', 'ADJ', 'NOUN', 'VERB', 'VERB', 'AUX', 'PUNCT']",10,10,True,अञ्जन विष्ट ले नयाँ राष्ट्रिय कीर्तिमान कायम गरेका छन् ।
"माओवादी, केन्द्र, ले, रोल्पा, मा, विशेष, कार्यक्रम, आयोजना, गरेको, छ, ।","PROPN, NOUN, ADP, PROPN, ADP, ADJ, NOUN, NOUN, VERB, AUX, PUNCT","['माओवादी', 'केन्द्र', 'ले', 'रोल्पा', 'मा', 'विशेष', 'कार्यक्रम', 'आयोजना', 'गरेको', 'छ', '।']","['PROPN', 'NOUN', 'ADP', 'PROPN', 'ADP', 'ADJ', 'NOUN', 'NOUN', 'VERB', 'AUX', 'PUNCT']",11,11,True,माओवादी केन्द्र ले रोल्पा मा विशेष कार्यक्रम आयोजना गरेको छ ।
"नेपाल, प्रहरी, का, महानिरीक्षक, बसन्त, कुँवर, ले, ललितपुर, मा, निरीक्षण, गरेका, छन्, ।","PROPN, NOUN, ADP, NOUN, PROPN, PROPN, ADP, PROPN, ADP, NOUN, VERB, AUX, PUNCT","['नेपाल', 'प्रहरी', 'का', 'महानिरीक्षक', 'बसन्त', 'कुँवर', 'ले', 'ललितपुर', 'मा', 'निरीक्षण', 'गरेका', 'छन्', '।']","['PROPN', 'NOUN', 'ADP', 'NOUN', 'PROPN', 'PROPN', 'ADP', 'PROPN', 'ADP', 'NOUN', 'VERB', 'AUX', 'PUNCT']",13,13,True,नेपाल प्रहरी का महानिरीक्षक बसन्त कुँवर ले ललितपुर मा निरीक्षण गरेका छन् ।
"त्रिभुवन, विश्वविद्यालय, ले, कीर्तिपुर, मा, दीक्षान्त, समारोह, सम्पन्न, गरेको, छ, ।","PROPN, NOUN, ADP, PROPN, ADP, NOUN, NOUN, VERB, VERB, AUX, PUNCT","['त्रिभुवन', 'विश्वविद्यालय', 'ले', 'कीर्तिपुर', 'मा', 'दीक्षान्त', 'समारोह', 'सम्पन्न', 'गरेको', 'छ', '।']","['PROPN', 'NOUN', 'ADP', 'PROPN', 'ADP', 'NOUN', 'NOUN', 'VERB', 'VERB', 'AUX', 'PUNCT']",11,11,True,त्रिभुवन विश्वविद्यालय ले कीर्तिपुर मा दीक्षान्त समारोह सम्पन्न गरेको छ ।
"एशियन, डेभलपमेन्ट, बैंक, ले, नेपाल, मा, पूर्वाधार, परियोजना, मा, लगानी, बढाएको, छ, ।","PROPN, PROPN, NOUN, ADP, PROPN, ADP, NOUN, NOUN, ADP, NOUN, VERB, AUX, PUNCT","['एशियन', 'डेभलपमेन्ट', 'बैंक', 'ले', 'नेपाल', 'मा', 'पूर्वाधार', 'परियोजना', 'मा', 'लगानी', 'बढाएको', 'छ', '।']","['PROPN', 'PROPN', 'NOUN', 'ADP', 'PROPN', 'ADP', 'NOUN', 'NOUN', 'ADP', 'NOUN', 'VERB', 'AUX', 'PUNCT']",13,13,True,एशियन डेभलपमेन्ट बैंक ले नेपाल मा पूर्वाधार परियोजना मा लगानी बढाएको छ ।
"अञ्जली, ले, दराज, बाट, सामान, अर्डर, गरिन्, ।","PROPN, ADP, PROPN, ADP, NOUN, NOUN, VERB, PUNCT","['अञ्जली', 'ले', 'दराज', 'बाट', 'सामान', 'अर्डर', 'गरिन्', '।']","['PROPN', 'ADP', 'PROPN', 'ADP', 'NOUN', 'NOUN', 'VERB', 'PUNCT']",8,8,True,अञ्जली ले दराज बाट सामान अर्डर गरिन् ।
"हामी, शनिबार, ललितपुर, घुम्न, जाँदैछौं, ।","PRON, NOUN, PROPN, VERB, VERB, PUNCT","['हामी', 'शनिबार', 'ललितपुर', 'घुम्न', 'जाँदैछौं', '।']","['PRON', 'NOUN', 'PROPN', 'VERB', 'VERB', 'PUNCT']",6,6,True,हामी शनिबार ललितपुर घुम्न जाँदैछौं ।
"रोहन, अहिले, चितवन, मा, छ, रे, ।","PROPN, ADV, PROPN, ADP, AUX, PART, PUNCT","['रोहन', 'अहिले', 'चितवन', 'मा', 'छ', 'रे', '।']","['PROPN', 'ADV', 'PROPN', 'ADP', 'AUX', 'PART', 'PUNCT']",7,7,True,रोहन अहिले चितवन मा छ रे ।
"तिमी, ले, नेपाल, बैंक, मा, पैसा, जम्मा, गर्यौ, ?","PRON, ADP, PROPN, NOUN, ADP, NOUN, NOUN, VERB, PUNCT","['तिमी', 'ले', 'नेपाल', 'बैंक', 'मा', 'पैसा', 'जम्मा', 'गर्यौ', '?']","['PRON', 'ADP', 'PROPN', 'NOUN', 'ADP', 'NOUN', 'NOUN', 'VERB', 'PUNCT']",9,9,True,तिमी ले नेपाल बैंक मा पैसा जम्मा गर्यौ ?
"सन्दीप, आज, विराटनगर, बाट, फर्किँदैछन्, ।","PROPN, ADV, PROPN, ADP, VERB, PUNCT","['सन्दीप', 'आज', 'विराटनगर', 'बाट', 'फर्किँदैछन्', '।']","['PROPN', 'ADV', 'PROPN', 'ADP', 'VERB', 'PUNCT']",6,6,True,सन्दीप आज विराटनगर बाट फर्किँदैछन् ।
"म, भोलि, त्रिभुवन, विश्वविद्यालय, जानुपर्ने, भयो, ।","PRON, ADV, PROPN, NOUN, VERB, AUX, PUNCT","['म', 'भोलि', 'त्रिभुवन', 'विश्वविद्यालय', 'जानुपर्ने', 'भयो', '।']","['PRON', 'ADV', 'PROPN', 'NOUN', 'VERB', 'AUX', 'PUNCT']",7,7,True,म भोलि त्रिभुवन विश्वविद्यालय जानुपर्ने भयो ।
"प्रिया, अहिले, भक्तपुर, मा, बस्छिन्, ।","PROPN, ADV, PROPN, ADP, VERB, PUNCT","['प्रिया', 'अहिले', 'भक्तपुर', 'मा', 'बस्छिन्', '।']","['PROPN', 'ADV', 'PROPN', 'ADP', 'VERB', 'PUNCT']",6,6,True,प्रिया अहिले भक्तपुर मा बस्छिन् ।
"हामी, बुद्ध, एयर, बाट, पोखरा, जाँदैछौं, ।","PRON, PROPN, PROPN, ADP, PROPN, VERB, PUNCT","['हामी', 'बुद्ध', 'एयर', 'बाट', 'पोखरा', 'जाँदैछौं', '।']","['PRON', 'PROPN', 'PROPN', 'ADP', 'PROPN', 'VERB', 'PUNCT']",7,7,True,हामी बुद्ध एयर बाट पोखरा जाँदैछौं ।
"अमित, ले, एनसेल, को, सिम, किनेछ, ।","PROPN, ADP, PROPN, ADP, NOUN, VERB, PUNCT","['अमित', 'ले', 'एनसेल', 'को', 'सिम', 'किनेछ', '।']","['PROPN', 'ADP', 'PROPN', 'ADP', 'NOUN', 'VERB', 'PUNCT']",7,7,True,अमित ले एनसेल को सिम किनेछ ।
"काठमाडौँ, मा, आज, मेलो, रहेछ, रे, ।","PROPN, ADP, ADV, NOUN, AUX, PART, PUNCT","['काठमाडौँ', 'मा', 'आज', 'मेलो', 'रहेछ', 'रे', '।']","['PROPN', 'ADP', 'ADV', 'NOUN', 'AUX', 'PART', 'PUNCT']",7,7,True,काठमाडौँ मा आज मेलो रहेछ रे ।
"सुमन, ले, सगरमाथा, हेर्न, जाने, योजना, बनायो, ।","PROPN, ADP, PROPN, VERB, VERB, NOUN, VERB, PUNCT","['सुमन', 'ले', 'सगरमाथा', 'हेर्न', 'जाने', 'योजना', 'बनायो', '।']","['PROPN', 'ADP', 'PROPN', 'VERB', 'VERB', 'NOUN', 'VERB', 'PUNCT']",8,8,True,सुमन ले सगरमाथा हेर्न जाने योजना बनायो ।
"तिमी, नेपाल, प्रहरी, मा, आवेदन, दिन, लागेको, हो, ?","PRON, PROPN, NOUN, ADP, NOUN, VERB, VERB, AUX, PUNCT","['तिमी', 'नेपाल', 'प्रहरी', 'मा', 'आवेदन', 'दिन', 'लागेको', 'हो', '?']","['PRON', 'PROPN', 'NOUN', 'ADP', 'NOUN', 'VERB', 'VERB', 'AUX', 'PUNCT']",9,9,True,तिमी नेपाल प्रहरी मा आवेदन दिन लागेको हो ?
"आशा, ले, पाटन, दरबार, स्क्वायर, घुमिन्, ।","PROPN, ADP, PROPN, NOUN, NOUN, VERB, PUNCT","['आशा', 'ले', 'पाटन', 'दरबार', 'स्क्वायर', 'घुमिन्', '।']","['PROPN', 'ADP', 'PROPN', 'NOUN', 'NOUN', 'VERB', 'PUNCT']",7,7,True,आशा ले पाटन दरबार स्क्वायर घुमिन् ।
"हामी, धरान, मा, रहेको, बीपी, कोइराला, स्वास्थ्य, विज्ञान, प्रतिष्ठान, जाँदैछौं, ।","PRON, PROPN, ADP, VERB, PROPN, PROPN, NOUN, NOUN, NOUN, VERB, PUNCT","['हामी', 'धरान', 'मा', 'रहेको', 'बीपी', 'कोइराला', 'स्वास्थ्य', 'विज्ञान', 'प्रतिष्ठान', 'जाँदैछौं', '।']","['PRON', 'PROPN', 'ADP', 'VERB', 'PROPN', 'PROPN', 'NOUN', 'NOUN', 'NOUN', 'VERB', 'PUNCT']",11,11,True,हामी धरान मा रहेको बीपी कोइराला स्वास्थ्य विज्ञान प्रतिष्ठान जाँदैछौं ।
"राजेश, अहिले, जनकपुर, मा, आफ्नो, मामाघर, गएका, छन्, ।","PROPN, ADV, PROPN, ADP, DET, NOUN, VERB, AUX, PUNCT","['राजेश', 'अहिले', 'जनकपुर', 'मा', 'आफ्नो', 'मामाघर', 'गएका', 'छन्', '।']","['PROPN', 'ADV', 'PROPN', 'ADP', 'DET', 'NOUN', 'VERB', 'AUX', 'PUNCT']",9,9,True,राजेश अहिले जनकपुर मा आफ्नो मामाघर गएका छन् ।
"तिमी, ले, हिमालयन, बैंक, को, एटीएम, प्रयोग, गर्यौ, ?","PRON, ADP, PROPN, NOUN, ADP, NOUN, NOUN, VERB, PUNCT","['तिमी', 'ले', 'हिमालयन', 'बैंक', 'को', 'एटीएम', 'प्रयोग', 'गर्यौ', '?']","['PRON', 'ADP', 'PROPN', 'NOUN', 'ADP', 'NOUN', 'NOUN', 'VERB', 'PUNCT']",9,9,True,तिमी ले हिमालयन बैंक को एटीएम प्रयोग गर्यौ ?
"सरिता, आज, नेपालगञ्ज, बाट, आइन्, ।","PROPN, ADV, PROPN, ADP, VERB, PUNCT","['सरिता', 'आज', 'नेपालगञ्ज', 'बाट', 'आइन्', '।']","['PROPN', 'ADV', 'PROPN', 'ADP', 'VERB', 'PUNCT']",6,6,True,सरिता आज नेपालगञ्ज बाट आइन् ।
"हामी, लुम्बिनी, घुम्न, जाने, सोच, मा, छौं, ।","PRON, PROPN, VERB, VERB, NOUN, ADP, AUX, PUNCT","['हामी', 'लुम्बिनी', 'घुम्न', 'जाने', 'सोच', 'मा', 'छौं', '।']","['PRON', 'PROPN', 'VERB', 'VERB', 'NOUN', 'ADP', 'AUX', 'PUNCT']",8,8,True,हामी लुम्बिनी घुम्न जाने सोच मा छौं ।
"सगरमाथा, नेपाल, र, चीन, को, सीमा, मा, अवस्थित, विश्व, को, सर्वोच्च, शिखर, हो, ।","PROPN, PROPN, CCONJ, PROPN, ADP, NOUN, ADP, VERB, NOUN, ADP, ADJ, NOUN, AUX, PUNCT","['सगरमाथा', 'नेपाल', 'र', 'चीन', 'को', 'सीमा', 'मा', 'अवस्थित', 'विश्व', 'को', 'सर्वोच्च', 'शिखर', 'हो', '।']","['PROPN', 'PROPN', 'CCONJ', 'PROPN', 'ADP', 'NOUN', 'ADP', 'VERB', 'NOUN', 'ADP', 'ADJ', 'NOUN', 'AUX', 'PUNCT']",14,14,True,सगरमाथा नेपाल र चीन को सीमा मा अवस्थित विश्व को सर्वोच्च शिखर हो ।
"लुम्बिनी, रुपन्देही, जिल्ला, मा, रहेको, भगवान, बुद्ध, को, जन्मस्थल, हो, ।","PROPN, PROPN, NOUN, ADP, VERB, PROPN, PROPN, ADP, NOUN, AUX, PUNCT","['लुम्बिनी', 'रुपन्देही', 'जिल्ला', 'मा', 'रहेको', 'भगवान', 'बुद्ध', 'को', 'जन्मस्थल', 'हो', '।']","['PROPN', 'PROPN', 'NOUN', 'ADP', 'VERB', 'PROPN', 'PROPN', 'ADP', 'NOUN', 'AUX', 'PUNCT']",11,11,True,लुम्बिनी रुपन्देही जिल्ला मा रहेको भगवान बुद्ध को जन्मस्थल हो ।
"पशुपतिनाथ, मन्दिर, काठमाडौं, मा, बागमती, नदी, को, किनार, मा, अवस्थित, छ, ।","PROPN, NOUN, PROPN, ADP, PROPN, NOUN, ADP, NOUN, ADP, VERB, AUX, PUNCT","['पशुपतिनाथ', 'मन्दिर', 'काठमाडौं', 'मा', 'बागमती', 'नदी', 'को', 'किनार', 'मा', 'अवस्थित', 'छ', '।']","['PROPN', 'NOUN', 'PROPN', 'ADP', 'PROPN', 'NOUN', 'ADP', 'NOUN', 'ADP', 'VERB', 'AUX', 'PUNCT']",12,12,True,पशुपतिनाथ मन्दिर काठमाडौं मा बागमती नदी को किनार मा अवस्थित छ ।
"जनकपुरधाम, मिथिला, संस्कृति, को, प्रमुख, केन्द्र, मानिन्छ, ।","PROPN, PROPN, NOUN, ADP, ADJ, NOUN, VERB, PUNCT","['जनकपुरधाम', 'मिथिला', 'संस्कृति', 'को', 'प्रमुख', 'केन्द्र', 'मानिन्छ', '।']","['PROPN', 'PROPN', 'NOUN', 'ADP', 'ADJ', 'NOUN', 'VERB', 'PUNCT']",8,8,True,जनकपुरधाम मिथिला संस्कृति को प्रमुख केन्द्र मानिन्छ ।
"गोरखा, दरबार, नेपाल, को, ऐतिहासिक, सम्पदा, मध्ये, एक, हो, ।","PROPN, NOUN, PROPN, ADP, ADJ, NOUN, ADP, NUM, AUX, PUNCT","['गोरखा', 'दरबार', 'नेपाल', 'को', 'ऐतिहासिक', 'सम्पदा', 'मध्ये', 'एक', 'हो', '।']","['PROPN', 'NOUN', 'PROPN', 'ADP', 'ADJ', 'NOUN', 'ADP', 'NUM', 'AUX', 'PUNCT']",10,10,True,गोरखा दरबार नेपाल को ऐतिहासिक सम्पदा मध्ये एक हो ।
"रारा, ताल, मुगु, जिल्ला, मा, अवस्थित, नेपाल, को, सबैभन्दा, ठूलो, ताल, हो, ।","PROPN, NOUN, PROPN, NOUN, ADP, VERB, PROPN, ADP, ADV, ADJ, NOUN, AUX, PUNCT","['रारा', 'ताल', 'मुगु', 'जिल्ला', 'मा', 'अवस्थित', 'नेपाल', 'को', 'सबैभन्दा', 'ठूलो', 'ताल', 'हो', '।']","['PROPN', 'NOUN', 'PROPN', 'NOUN', 'ADP', 'VERB', 'PROPN', 'ADP', 'ADV', 'ADJ', 'NOUN', 'AUX', 'PUNCT']",13,13,True,रारा ताल मुगु जिल्ला मा अवस्थित नेपाल को सबैभन्दा ठूलो ताल हो ।
"भक्तपुर, दरबार, स्क्वायर, युनेस्को, को, विश्व, सम्पदा, सूची, मा, सूचीकृत, छ, ।","PROPN, NOUN, NOUN, PROPN, ADP, NOUN, NOUN, NOUN, ADP, VERB, AUX, PUNCT","['भक्तपुर', 'दरबार', 'स्क्वायर', 'युनेस्को', 'को', 'विश्व', 'सम्पदा', 'सूची', 'मा', 'सूचीकृत', 'छ', '।']","['PROPN', 'NOUN', 'NOUN', 'PROPN', 'ADP', 'NOUN', 'NOUN', 'NOUN', 'ADP', 'VERB', 'AUX', 'PUNCT']",12,12,True,भक्तपुर दरबार स्क्वायर युनेस्को को विश्व सम्पदा सूची मा सूचीकृत छ ।
"चितवन, राष्ट्रिय, निकुञ्ज, नेपाल, को, पहिलो, राष्ट्रिय, निकुञ्ज, हो, ।","PROPN, ADJ, NOUN, PROPN, ADP, ADJ, ADJ, NOUN, AUX, PUNCT","['चितवन', 'राष्ट्रिय', 'निकुञ्ज', 'नेपाल', 'को', 'पहिलो', 'राष्ट्रिय', 'निकुञ्ज', 'हो', '।']","['PROPN', 'ADJ', 'NOUN', 'PROPN', 'ADP', 'ADJ', 'ADJ', 'NOUN', 'AUX', 'PUNCT']",10,10,True,चितवन राष्ट्रिय निकुञ्ज नेपाल को पहिलो राष्ट्रिय निकुञ्ज हो ।
"पाटन, दरबार, स्क्वायर, ललितपुर, जिल्ला, मा, अवस्थित, छ, ।","PROPN, NOUN, NOUN, PROPN, NOUN, ADP, VERB, AUX, PUNCT","['पाटन', 'दरबार', 'स्क्वायर', 'ललितपुर', 'जिल्ला', 'मा', 'अवस्थित', 'छ', '।']","['PROPN', 'NOUN', 'NOUN', 'PROPN', 'NOUN', 'ADP', 'VERB', 'AUX', 'PUNCT']",9,9,True,पाटन दरबार स्क्वायर ललितपुर जिल्ला मा अवस्थित छ ।
"कर्णाली, नदी, नेपाल, को, सबैभन्दा, लामो, नदी, हो, ।","PROPN, NOUN, PROPN, ADP, ADV, ADJ, NOUN, AUX, PUNCT","['कर्णाली', 'नदी', 'नेपाल', 'को', 'सबैभन्दा', 'लामो', 'नदी', 'हो', '।']","['PROPN', 'NOUN', 'PROPN', 'ADP', 'ADV', 'ADJ', 'NOUN', 'AUX', 'PUNCT']",9,9,True,कर्णाली नदी नेपाल को सबैभन्दा लामो नदी हो ।
"इलाम, आफ्नो, हरियो, चिया, बगान, का, लागि, प्रसिद्ध, छ, ।","PROPN, DET, ADJ, NOUN, NOUN, ADP, ADP, ADJ, AUX, PUNCT","['इलाम', 'आफ्नो', 'हरियो', 'चिया', 'बगान', 'का', 'लागि', 'प्रसिद्ध', 'छ', '।']","['PROPN', 'DET', 'ADJ', 'NOUN', 'NOUN', 'ADP', 'ADP', 'ADJ', 'AUX', 'PUNCT']",10,10,True,इलाम आफ्नो हरियो चिया बगान का लागि प्रसिद्ध छ ।
"मुक्तिनाथ, मन्दिर, मुस्ताङ, जिल्ला, मा, अवस्थित, एक, पवित्र, तीर्थस्थल, हो, ।","PROPN, NOUN, PROPN, NOUN, ADP, VERB, NUM, ADJ, NOUN, AUX, PUNCT","['मुक्तिनाथ', 'मन्दिर', 'मुस्ताङ', 'जिल्ला', 'मा', 'अवस्थित', 'एक', 'पवित्र', 'तीर्थस्थल', 'हो', '।']","['PROPN', 'NOUN', 'PROPN', 'NOUN', 'ADP', 'VERB', 'NUM', 'ADJ', 'NOUN', 'AUX', 'PUNCT']",11,11,True,मुक्तिनाथ मन्दिर मुस्ताङ जिल्ला मा अवस्थित एक पवित्र तीर्थस्थल हो ।
"खप्तड, राष्ट्रिय, निकुञ्ज, सुदूरपश्चिम, प्रदेश, मा, पर्दछ, ।","PROPN, ADJ, NOUN, PROPN, NOUN, ADP, VERB, PUNCT","['खप्तड', 'राष्ट्रिय', 'निकुञ्ज', 'सुदूरपश्चिम', 'प्रदेश', 'मा', 'पर्दछ', '।']","['PROPN', 'ADJ', 'NOUN', 'PROPN', 'NOUN', 'ADP', 'VERB', 'PUNCT']",8,8,True,खप्तड राष्ट्रिय निकुञ्ज सुदूरपश्चिम प्रदेश मा पर्दछ ।
"तिलौराकोट, कपिलवस्तु, जिल्ला, मा, अवस्थित, ऐतिहासिक, स्थल, हो, ।","PROPN, PROPN, NOUN, ADP, VERB, ADJ, NOUN, AUX, PUNCT","['तिलौराकोट', 'कपिलवस्तु', 'जिल्ला', 'मा', 'अवस्थित', 'ऐतिहासिक', 'स्थल', 'हो', '।']","['PROPN', 'PROPN', 'NOUN', 'ADP', 'VERB', 'ADJ', 'NOUN', 'AUX', 'PUNCT']",9,9,True,तिलौराकोट कपिलवस्तु जिल्ला मा अवस्थित ऐतिहासिक स्थल हो ।
"स्वयम्भूनाथ, स्तूप, काठमाडौं, उपत्यका, को, प्रमुख, धार्मिक, स्थल, हो, ।","PROPN, NOUN, PROPN, NOUN, ADP, ADJ, ADJ, NOUN, AUX, PUNCT","['स्वयम्भूनाथ', 'स्तूप', 'काठमाडौं', 'उपत्यका', 'को', 'प्रमुख', 'धार्मिक', 'स्थल', 'हो', '।']","['PROPN', 'NOUN', 'PROPN', 'NOUN', 'ADP', 'ADJ', 'ADJ', 'NOUN', 'AUX', 'PUNCT']",10,10,True,स्वयम्भूनाथ स्तूप काठमाडौं उपत्यका को प्रमुख धार्मिक स्थल हो ।
"हिमालय, पर्वत, शृंखला, एशिया, को, उत्तर, भाग, मा, फैलिएको, छ, ।","PROPN, NOUN, NOUN, PROPN, ADP, NOUN, NOUN, ADP, VERB, AUX, PUNCT","['हिमालय', 'पर्वत', 'शृंखला', 'एशिया', 'को', 'उत्तर', 'भाग', 'मा', 'फैलिएको', 'छ', '।']","['PROPN', 'NOUN', 'NOUN', 'PROPN', 'ADP', 'NOUN', 'NOUN', 'ADP', 'VERB', 'AUX', 'PUNCT']",11,11,True,हिमालय पर्वत शृंखला एशिया को उत्तर भाग मा फैलिएको छ ।
"कोशी, टप्पु, वन्यजन्तु, आरक्ष, सुनसरी, जिल्ला, मा, अवस्थित, छ, ।","PROPN, PROPN, NOUN, NOUN, PROPN, NOUN, ADP, VERB, AUX, PUNCT","['कोशी', 'टप्पु', 'वन्यजन्तु', 'आरक्ष', 'सुनसरी', 'जिल्ला', 'मा', 'अवस्थित', 'छ', '।']","['PROPN', 'PROPN', 'NOUN', 'NOUN', 'PROPN', 'NOUN', 'ADP', 'VERB', 'AUX', 'PUNCT']",10,10,True,कोशी टप्पु वन्यजन्तु आरक्ष सुनसरी जिल्ला मा अवस्थित छ ।
"मनकामना, मन्दिर, गोरखा, जिल्ला, मा, अवस्थित, प्रसिद्ध, धार्मिक, स्थल, हो, ।","PROPN, NOUN, PROPN, NOUN, ADP, VERB, ADJ, ADJ, NOUN, AUX, PUNCT","['मनकामना', 'मन्दिर', 'गोरखा', 'जिल्ला', 'मा', 'अवस्थित', 'प्रसिद्ध', 'धार्मिक', 'स्थल', 'हो', '।']","['PROPN', 'NOUN', 'PROPN', 'NOUN', 'ADP', 'VERB', 'ADJ', 'ADJ', 'NOUN', 'AUX', 'PUNCT']",11,11,True,मनकामना मन्दिर गोरखा जिल्ला मा अवस्थित प्रसिद्ध धार्मिक स्थल हो ।
"दार्चुला, जिल्ला, बाट, महाकाली, नदी, बग्दछ, ।","PROPN, NOUN, ADP, PROPN, NOUN, VERB, PUNCT","['दार्चुला', 'जिल्ला', 'बाट', 'महाकाली', 'नदी', 'बग्दछ', '।']","['PROPN', 'NOUN', 'ADP', 'PROPN', 'NOUN', 'VERB', 'PUNCT']",7,7,True,दार्चुला जिल्ला बाट महाकाली नदी बग्दछ ।
"तिहार, नेपालभरि, मनाइने, महत्वपूर्ण, सांस्कृतिक, पर्व, हो, ।","PROPN, ADV, VERB, ADJ, ADJ, NOUN, AUX, PUNCT","['तिहार', 'नेपालभरि', 'मनाइने', 'महत्वपूर्ण', 'सांस्कृतिक', 'पर्व', 'हो', '।']","['PROPN', 'ADV', 'VERB', 'ADJ', 'ADJ', 'NOUN', 'AUX', 'PUNCT']",8,8,True,तिहार नेपालभरि मनाइने महत्वपूर्ण सांस्कृतिक पर्व हो ।
"जनकपुरधाम, मा, आयोजित, रामजानकी, महोत्सव, मा, हजारौँ, भक्तजन, सहभागी, भएका, छन्, ।","PROPN, ADP, VERB, PROPN, NOUN, ADP, NUM, NOUN, VERB, AUX, AUX, PUNCT","['जनकपुरधाम', 'मा', 'आयोजित', 'रामजानकी', 'महोत्सव', 'मा', 'हजारौँ', 'भक्तजन', 'सहभागी', 'भएका', 'छन्', '।']","['PROPN', 'ADP', 'VERB', 'PROPN', 'NOUN', 'ADP', 'NUM', 'NOUN', 'VERB', 'AUX', 'AUX', 'PUNCT']",12,12,True,जनकपुरधाम मा आयोजित रामजानकी महोत्सव मा हजारौँ भक्तजन सहभागी भएका छन् ।
"नेपाल, विद्युत, प्राधिकरण, ले, धरान, मा, नयाँ, सबस्टेशन, सञ्चालन, मा, ल्याएको, छ, ।","PROPN, NOUN, NOUN, ADP, PROPN, ADP, ADJ, NOUN, NOUN, ADP, VERB, AUX, PUNCT","['नेपाल', 'विद्युत', 'प्राधिकरण', 'ले', 'धरान', 'मा', 'नयाँ', 'सबस्टेशन', 'सञ्चालन', 'मा', 'ल्याएको', 'छ', '।']","['PROPN', 'NOUN', 'NOUN', 'ADP', 'PROPN', 'ADP', 'ADJ', 'NOUN', 'NOUN', 'ADP', 'VERB', 'AUX', 'PUNCT']",13,13,True,नेपाल विद्युत प्राधिकरण ले धरान मा नयाँ सबस्टेशन सञ्चालन मा ल्याएको छ ।
"विराटनगर, महानगरपालिका, ले, कोशी, प्रदेश, सँग, सहकार्य, गर्ने, घोषणा, गरेको, छ, ।","PROPN, NOUN, ADP, PROPN, NOUN, ADP, NOUN, VERB, NOUN, VERB, AUX, PUNCT","['विराटनगर', 'महानगरपालिका', 'ले', 'कोशी', 'प्रदेश', 'सँग', 'सहकार्य', 'गर्ने', 'घोषणा', 'गरेको', 'छ', '।']","['PROPN', 'NOUN', 'ADP', 'PROPN', 'NOUN', 'ADP', 'NOUN', 'VERB', 'NOUN', 'VERB', 'AUX', 'PUNCT']",12,12,True,विराटनगर महानगरपालिका ले कोशी प्रदेश सँग सहकार्य गर्ने घोषणा गरेको छ ।
"लुम्बिनी, बौद्ध, विश्वविद्यालय, ले, रूपन्देही, मा, अनुसन्धान, केन्द्र, स्थापना, गरेको, छ, ।","PROPN, ADJ, NOUN, ADP, PROPN, ADP, NOUN, NOUN, VERB, VERB, AUX, PUNCT","['लुम्बिनी', 'बौद्ध', 'विश्वविद्यालय', 'ले', 'रूपन्देही', 'मा', 'अनुसन्धान', 'केन्द्र', 'स्थापना', 'गरेको', 'छ', '।']","['PROPN', 'ADJ', 'NOUN', 'ADP', 'PROPN', 'ADP', 'NOUN', 'NOUN', 'VERB', 'VERB', 'AUX', 'PUNCT']",12,12,True,लुम्बिनी बौद्ध विश्वविद्यालय ले रूपन्देही मा अनुसन्धान केन्द्र स्थापना गरेको छ ।
"नेपाल, क्रिकेट, संघ, ले, टियु, मैदान, मा, प्रशिक्षण, शिविर, सुरु, गरेको, छ, ।","PROPN, NOUN, NOUN, ADP, PROPN, NOUN, ADP, NOUN, NOUN, VERB, VERB, AUX, PUNCT","['नेपाल', 'क्रिकेट', 'संघ', 'ले', 'टियु', 'मैदान', 'मा', 'प्रशिक्षण', 'शिविर', 'सुरु', 'गरेको', 'छ', '।']","['PROPN', 'NOUN', 'NOUN', 'ADP', 'PROPN', 'NOUN', 'ADP', 'NOUN', 'NOUN', 'VERB', 'VERB', 'AUX', 'PUNCT']",13,13,True,नेपाल क्रिकेट संघ ले टियु मैदान मा प्रशिक्षण शिविर सुरु गरेको छ ।
"चितवन, राष्ट्रिय, निकुञ्ज, मा, बाघ, गणना, कार्यक्रम, सम्पन्न, भएको, छ, ।","PROPN, ADJ, NOUN, ADP, NOUN, NOUN, NOUN, VERB, AUX, AUX, PUNCT","['चितवन', 'राष्ट्रिय', 'निकुञ्ज', 'मा', 'बाघ', 'गणना', 'कार्यक्रम', 'सम्पन्न', 'भएको', 'छ', '।']","['PROPN', 'ADJ', 'NOUN', 'ADP', 'NOUN', 'NOUN', 'NOUN', 'VERB', 'AUX', 'AUX', 'PUNCT']",11,11,True,चितवन राष्ट्रिय निकुञ्ज मा बाघ गणना कार्यक्रम सम्पन्न भएको छ ।
"राष्ट्रिय, परीक्षा, बोर्ड, ले, भक्तपुर, मा, नतिजा, सार्वजनिक, गरेको, छ, ।","ADJ, NOUN, NOUN, ADP, PROPN, ADP, NOUN, VERB, VERB, AUX, PUNCT","['राष्ट्रिय', 'परीक्षा', 'बोर्ड', 'ले', 'भक्तपुर', 'मा', 'नतिजा', 'सार्वजनिक', 'गरेको', 'छ', '।']","['ADJ', 'NOUN', 'NOUN', 'ADP', 'PROPN', 'ADP', 'NOUN', 'VERB', 'VERB', 'AUX', 'PUNCT']",11,11,True,राष्ट्रिय परीक्षा बोर्ड ले भक्तपुर मा नतिजा सार्वजनिक गरेको छ ।
"नेपाल, वायुसेवा, निगम, ले, दुबई, का, लागि, नयाँ, उडान, सुरु, गरेको, छ, ।","PROPN, NOUN, NOUN, ADP, PROPN, ADP, ADP, ADJ, NOUN, VERB, VERB, AUX, PUNCT","['नेपाल', 'वायुसेवा', 'निगम', 'ले', 'दुबई', 'का', 'लागि', 'नयाँ', 'उडान', 'सुरु', 'गरेको', 'छ', '।']","['PROPN', 'NOUN', 'NOUN', 'ADP', 'PROPN', 'ADP', 'ADP', 'ADJ', 'NOUN', 'VERB', 'VERB', 'AUX', 'PUNCT']",13,13,True,नेपाल वायुसेवा निगम ले दुबई का लागि नयाँ उडान सुरु गरेको छ ।
"काठमाडौँ, उपत्यका, खानेपानी, लिमिटेड, ले, ललितपुर, मा, सेवा, विस्तार, गरेको, छ, ।","PROPN, NOUN, NOUN, PROPN, ADP, PROPN, ADP, NOUN, NOUN, VERB, AUX, PUNCT","['काठमाडौँ', 'उपत्यका', 'खानेपानी', 'लिमिटेड', 'ले', 'ललितपुर', 'मा', 'सेवा', 'विस्तार', 'गरेको', 'छ', '।']","['PROPN', 'NOUN', 'NOUN', 'PROPN', 'ADP', 'PROPN', 'ADP', 'NOUN', 'NOUN', 'VERB', 'AUX', 'PUNCT']",12,12,True,काठमाडौँ उपत्यका खानेपानी लिमिटेड ले ललितपुर मा सेवा विस्तार गरेको छ ।
"सुदूरपश्चिम, प्रदेश, सरकारले, धनगढी, मा, आपतकालीन, बैठक, बोलाएको, छ, ।","PROPN, NOUN, NOUN, PROPN, ADP, ADJ, NOUN, VERB, AUX, PUNCT","['सुदूरपश्चिम', 'प्रदेश', 'सरकारले', 'धनगढी', 'मा', 'आपतकालीन', 'बैठक', 'बोलाएको', 'छ', '।']","['PROPN', 'NOUN', 'NOUN', 'PROPN', 'ADP', 'ADJ', 'NOUN', 'VERB', 'AUX', 'PUNCT']",10,10,True,सुदूरपश्चिम प्रदेश सरकारले धनगढी मा आपतकालीन बैठक बोलाएको छ ।
"नेपाल, उद्योग, वाणिज्य, महासंघ, ले, पोखरा, मा, आर्थिक, सम्मेलन, आयोजना, गरेको, छ, ।","PROPN, NOUN, NOUN, NOUN, ADP, PROPN, ADP, ADJ, NOUN, NOUN, VERB, AUX, PUNCT","['नेपाल', 'उद्योग', 'वाणिज्य', 'महासंघ', 'ले', 'पोखरा', 'मा', 'आर्थिक', 'सम्मेलन', 'आयोजना', 'गरेको', 'छ', '।']","['PROPN', 'NOUN', 'NOUN', 'NOUN', 'ADP', 'PROPN', 'ADP', 'ADJ', 'NOUN', 'NOUN', 'VERB', 'AUX', 'PUNCT']",13,13,True,नेपाल उद्योग वाणिज्य महासंघ ले पोखरा मा आर्थिक सम्मेलन आयोजना गरेको छ ।
"प्रधानमन्त्री, पुष्पकमल, दाहाल, ले, गोरखा, मा, विकास, परियोजनाको, उद्घाटन, गरेका, छन्, ।","PROPN, PROPN, PROPN, ADP, PROPN, ADP, NOUN, NOUN, NOUN, VERB, AUX, PUNCT","['प्रधानमन्त्री', 'पुष्पकमल', 'दाहाल', 'ले', 'गोरखा', 'मा', 'विकास', 'परियोजनाको', 'उद्घाटन', 'गरेका', 'छन्', '।']","['PROPN', 'PROPN', 'PROPN', 'ADP', 'PROPN', 'ADP', 'NOUN', 'NOUN', 'NOUN', 'VERB', 'AUX', 'PUNCT']",12,12,True,प्रधानमन्त्री पुष्पकमल दाहाल ले गोरखा मा विकास परियोजनाको उद्घाटन गरेका छन् ।
"नेपाली, सेनाले, सुर्खेत, मा, राहत, सामग्री, वितरण, गरेको, छ, ।","ADJ, NOUN, PROPN, ADP, NOUN, NOUN, VERB, VERB, AUX, PUNCT","['नेपाली', 'सेनाले', 'सुर्खेत', 'मा', 'राहत', 'सामग्री', 'वितरण', 'गरेको', 'छ', '।']","['ADJ', 'NOUN', 'PROPN', 'ADP', 'NOUN', 'NOUN', 'VERB', 'VERB', 'AUX', 'PUNCT']",10,10,True,नेपाली सेनाले सुर्खेत मा राहत सामग्री वितरण गरेको छ ।
"विश्व, स्वास्थ्य, संगठन, ले, नेपाल, लाई, स्वास्थ्य, सामग्री, सहयोग, गरेको, छ, ।","NOUN, NOUN, NOUN, ADP, PROPN, ADP, NOUN, NOUN, VERB, VERB, AUX, PUNCT","['विश्व', 'स्वास्थ्य', 'संगठन', 'ले', 'नेपाल', 'लाई', 'स्वास्थ्य', 'सामग्री', 'सहयोग', 'गरेको', 'छ', '।']","['NOUN', 'NOUN', 'NOUN', 'ADP', 'PROPN', 'ADP', 'NOUN', 'NOUN', 'VERB', 'VERB', 'AUX', 'PUNCT']",12,12,True,विश्व स्वास्थ्य संगठन ले नेपाल लाई स्वास्थ्य सामग्री सहयोग गरेको छ ।
"कर्णाली, प्रदेश, सरकारले, जुम्ला, मा, कृषि, कार्यक्रम, सुरु, गरेको, छ, ।","PROPN, NOUN, NOUN, PROPN, ADP, NOUN, NOUN, VERB, VERB, AUX, PUNCT","['कर्णाली', 'प्रदेश', 'सरकारले', 'जुम्ला', 'मा', 'कृषि', 'कार्यक्रम', 'सुरु', 'गरेको', 'छ', '।']","['PROPN', 'NOUN', 'NOUN', 'PROPN', 'ADP', 'NOUN', 'NOUN', 'VERB', 'VERB', 'AUX', 'PUNCT']",11,11,True,कर्णाली प्रदेश सरकारले जुम्ला मा कृषि कार्यक्रम सुरु गरेको छ ।
"नेपाल, टेलिकम, ले, भक्तपुर, मा, फाइबर, सेवा, विस्तार, गरेको, छ, ।","PROPN, PROPN, ADP, PROPN, ADP, NOUN, NOUN, NOUN, VERB, AUX, PUNCT","['नेपाल', 'टेलिकम', 'ले', 'भक्तपुर', 'मा', 'फाइबर', 'सेवा', 'विस्तार', 'गरेको', 'छ', '।']","['PROPN', 'PROPN', 'ADP', 'PROPN', 'ADP', 'NOUN', 'NOUN', 'NOUN', 'VERB', 'AUX', 'PUNCT']",11,11,True,नेपाल टेलिकम ले भक्तपुर मा फाइबर सेवा विस्तार गरेको छ ।
"राष्ट्रिय, स्वतन्त्र, पार्टी, ले, चितवन, मा, आमसभा, आयोजना, गरेको, छ, ।","ADJ, ADJ, NOUN, ADP, PROPN, ADP, NOUN, NOUN, VERB, AUX, PUNCT","['राष्ट्रिय', 'स्वतन्त्र', 'पार्टी', 'ले', 'चितवन', 'मा', 'आमसभा', 'आयोजना', 'गरेको', 'छ', '।']","['ADJ', 'ADJ', 'NOUN', 'ADP', 'PROPN', 'ADP', 'NOUN', 'NOUN', 'VERB', 'AUX', 'PUNCT']",11,11,True,राष्ट्रिय स्वतन्त्र पार्टी ले चितवन मा आमसभा आयोजना गरेको छ ।
"बुटवल, उपमहानगरपालिका, ले, रूपन्देही, मा, सरसफाइ, अभियान, सञ्चालन, गरेको, छ, ।","PROPN, NOUN, ADP, PROPN, ADP, NOUN, NOUN, VERB, VERB, AUX, PUNCT","['बुटवल', 'उपमहानगरपालिका', 'ले', 'रूपन्देही', 'मा', 'सरसफाइ', 'अभियान', 'सञ्चालन', 'गरेको', 'छ', '।']","['PROPN', 'NOUN', 'ADP', 'PROPN', 'ADP', 'NOUN', 'NOUN', 'VERB', 'VERB', 'AUX', 'PUNCT']",11,11,True,बुटवल उपमहानगरपालिका ले रूपन्देही मा सरसफाइ अभियान सञ्चालन गरेको छ ।
"त्रिभुवन, अन्तर्राष्ट्रिय, विमानस्थल, मा, कतार, एयरवेज, को, उडान, अवतरण, गरेको, छ, ।","PROPN, ADJ, NOUN, ADP, PROPN, PROPN, ADP, NOUN, NOUN, VERB, AUX, PUNCT","['त्रिभुवन', 'अन्तर्राष्ट्रिय', 'विमानस्थल', 'मा', 'कतार', 'एयरवेज', 'को', 'उडान', 'अवतरण', 'गरेको', 'छ', '।']","['PROPN', 'ADJ', 'NOUN', 'ADP', 'PROPN', 'PROPN', 'ADP', 'NOUN', 'NOUN', 'VERB', 'AUX', 'PUNCT']",12,12,True,त्रिभुवन अन्तर्राष्ट्रिय विमानस्थल मा कतार एयरवेज को उडान अवतरण गरेको छ ।
"नेपाल, राष्ट्र, बैंक, का, गभर्नर, महाप्रसाद, अधिकारी, ले, काठमाडौँ, मा, पत्रकार, सम्मेलन, गरेका, छन्, ।","PROPN, PROPN, NOUN, ADP, NOUN, PROPN, PROPN, ADP, PROPN, ADP, NOUN, NOUN, VERB, AUX, PUNCT","['नेपाल', 'राष्ट्र', 'बैंक', 'का', 'गभर्नर', 'महाप्रसाद', 'अधिकारी', 'ले', 'काठमाडौँ', 'मा', 'पत्रकार', 'सम्मेलन', 'गरेका', 'छन्', '।']","['PROPN', 'PROPN', 'NOUN', 'ADP', 'NOUN', 'PROPN', 'PROPN', 'ADP', 'PROPN', 'ADP', 'NOUN', 'NOUN', 'VERB', 'AUX', 'PUNCT']",15,15,True,नेपाल राष्ट्र बैंक का गभर्नर महाप्रसाद अधिकारी ले काठमाडौँ मा पत्रकार सम्मेलन गरेका छन् ।
"सुष्मा, आज, विराटनगर, जाँदैछिन्, ।","PROPN, ADV, PROPN, VERB, PUNCT","['सुष्मा', 'आज', 'विराटनगर', 'जाँदैछिन्', '।']","['PROPN', 'ADV', 'PROPN', 'VERB', 'PUNCT']",5,5,True,सुष्मा आज विराटनगर जाँदैछिन् ।
"दीपक, ले, काठमाडौं, मा, नयाँ, अपार्टमेन्ट, भाडा, मा, लिएको, छ, ।","PROPN, ADP, PROPN, ADP, ADJ, NOUN, NOUN, ADP, VERB, AUX, PUNCT","['दीपक', 'ले', 'काठमाडौं', 'मा', 'नयाँ', 'अपार्टमेन्ट', 'भाडा', 'मा', 'लिएको', 'छ', '।']","['PROPN', 'ADP', 'PROPN', 'ADP', 'ADJ', 'NOUN', 'NOUN', 'ADP', 'VERB', 'AUX', 'PUNCT']",11,11,True,दीपक ले काठमाडौं मा नयाँ अपार्टमेन्ट भाडा मा लिएको छ ।
"अञ्जना, भोलि, पोखरा, घुम्न, जाने, योजना, बनाइरहेकी, छिन्, ।","PROPN, ADV, PROPN, VERB, VERB, NOUN, VERB, AUX, PUNCT","['अञ्जना', 'भोलि', 'पोखरा', 'घुम्न', 'जाने', 'योजना', 'बनाइरहेकी', 'छिन्', '।']","['PROPN', 'ADV', 'PROPN', 'VERB', 'VERB', 'NOUN', 'VERB', 'AUX', 'PUNCT']",9,9,True,अञ्जना भोलि पोखरा घुम्न जाने योजना बनाइरहेकी छिन् ।
"रोहन, ले, नेपाल, एयरलाइन्स, बाट, टिकट, किनेको, छ, ।","PROPN, ADP, PROPN, PROPN, ADP, NOUN, VERB, AUX, PUNCT","['रोहन', 'ले', 'नेपाल', 'एयरलाइन्स', 'बाट', 'टिकट', 'किनेको', 'छ', '।']","['PROPN', 'ADP', 'PROPN', 'PROPN', 'ADP', 'NOUN', 'VERB', 'AUX', 'PUNCT']",9,9,True,रोहन ले नेपाल एयरलाइन्स बाट टिकट किनेको छ ।
"प्रिया, आज, ललितपुर, मा, बस्छिन्, ।","PROPN, ADV, PROPN, ADP, VERB, PUNCT","['प्रिया', 'आज', 'ललितपुर', 'मा', 'बस्छिन्', '।']","['PROPN', 'ADV', 'PROPN', 'ADP', 'VERB', 'PUNCT']",6,6,True,प्रिया आज ललितपुर मा बस्छिन् ।
"सुजनको, कार्यालय, त्रिभुवन, विश्वविद्यालय, छ, ।","PROPN, NOUN, PROPN, NOUN, AUX, PUNCT","['सुजनको', 'कार्यालय', 'त्रिभुवन', 'विश्वविद्यालय', 'छ', '।']","['PROPN', 'NOUN', 'PROPN', 'NOUN', 'AUX', 'PUNCT']",6,6,True,सुजनको कार्यालय त्रिभुवन विश्वविद्यालय छ ।
"राजेश, ले, एनसेल, को, नयाँ, सिम, किने, ।","PROPN, ADP, PROPN, ADP, ADJ, NOUN, VERB, PUNCT","['राजेश', 'ले', 'एनसेल', 'को', 'नयाँ', 'सिम', 'किने', '।']","['PROPN', 'ADP', 'PROPN', 'ADP', 'ADJ', 'NOUN', 'VERB', 'PUNCT']",8,8,True,राजेश ले एनसेल को नयाँ सिम किने ।
"पूजा, नाम्चे, बजार, घुम्न, गएको, छ, ।","PROPN, PROPN, NOUN, VERB, VERB, AUX, PUNCT","['पूजा', 'नाम्चे', 'बजार', 'घुम्न', 'गएको', 'छ', '।']","['PROPN', 'PROPN', 'NOUN', 'VERB', 'VERB', 'AUX', 'PUNCT']",7,7,True,पूजा नाम्चे बजार घुम्न गएको छ ।
"अयान, हेटौँडा, मा, भेटिनेछ, ।","PROPN, PROPN, ADP, VERB, PUNCT","['अयान', 'हेटौँडा', 'मा', 'भेटिनेछ', '।']","['PROPN', 'PROPN', 'ADP', 'VERB', 'PUNCT']",5,5,True,अयान हेटौँडा मा भेटिनेछ ।
"निशा, सगरमाथा, क्षेत्र, भ्रमण, मा, छिन्, ।","PROPN, PROPN, NOUN, NOUN, ADP, AUX, PUNCT","['निशा', 'सगरमाथा', 'क्षेत्र', 'भ्रमण', 'मा', 'छिन्', '।']","['PROPN', 'PROPN', 'NOUN', 'NOUN', 'ADP', 'AUX', 'PUNCT']",7,7,True,निशा सगरमाथा क्षेत्र भ्रमण मा छिन् ।
"अर्जुन, ले, लुम्बिनी, मा, नयाँ, रिसोर्ट, बुक, गरेको, छ, ।","PROPN, ADP, PROPN, ADP, ADJ, NOUN, VERB, VERB, AUX, PUNCT","['अर्जुन', 'ले', 'लुम्बिनी', 'मा', 'नयाँ', 'रिसोर्ट', 'बुक', 'गरेको', 'छ', '।']","['PROPN', 'ADP', 'PROPN', 'ADP', 'ADJ', 'NOUN', 'VERB', 'VERB', 'AUX', 'PUNCT']",10,10,True,अर्जुन ले लुम्बिनी मा नयाँ रिसोर्ट बुक गरेको छ ।
"मीरा, भैरहवा, मा, नयाँ, स्कूल, मा, भर्ना, भएकी, छिन्, ।","PROPN, PROPN, ADP, ADJ, NOUN, ADP, VERB, VERB, AUX, PUNCT","['मीरा', 'भैरहवा', 'मा', 'नयाँ', 'स्कूल', 'मा', 'भर्ना', 'भएकी', 'छिन्', '।']","['PROPN', 'PROPN', 'ADP', 'ADJ', 'NOUN', 'ADP', 'VERB', 'VERB', 'AUX', 'PUNCT']",10,10,True,मीरा भैरहवा मा नयाँ स्कूल मा भर्ना भएकी छिन् ।
"कबिर, बुटवल, बाट, घर, फर्कँदैछ, ।","PROPN, PROPN, ADP, NOUN, VERB, PUNCT","['कबिर', 'बुटवल', 'बाट', 'घर', 'फर्कँदैछ', '।']","['PROPN', 'PROPN', 'ADP', 'NOUN', 'VERB', 'PUNCT']",6,6,True,कबिर बुटवल बाट घर फर्कँदैछ ।
"सृष्टि, पोखरा, मा, नयाँ, कलेज, को, भ्रमण, मा, छिन्, ।","PROPN, PROPN, ADP, ADJ, NOUN, ADP, NOUN, ADP, AUX, PUNCT","['सृष्टि', 'पोखरा', 'मा', 'नयाँ', 'कलेज', 'को', 'भ्रमण', 'मा', 'छिन्', '।']","['PROPN', 'PROPN', 'ADP', 'ADJ', 'NOUN', 'ADP', 'NOUN', 'ADP', 'AUX', 'PUNCT']",10,10,True,सृष्टि पोखरा मा नयाँ कलेज को भ्रमण मा छिन् ।
"निशान्त, ले, काठमाडौं, मा, भेट्ने, समय, तोकेको, छ, ।","PROPN, ADP, PROPN, ADP, VERB, NOUN, VERB, AUX, PUNCT","['निशान्त', 'ले', 'काठमाडौं', 'मा', 'भेट्ने', 'समय', 'तोकेको', 'छ', '।']","['PROPN', 'ADP', 'PROPN', 'ADP', 'VERB', 'NOUN', 'VERB', 'AUX', 'PUNCT']",9,9,True,निशान्त ले काठमाडौं मा भेट्ने समय तोकेको छ ।
"प्रज्ञा, चितवन, मा, साथीहरू, सँग, भेट्छिन्, ।","PROPN, PROPN, ADP, NOUN, ADP, VERB, PUNCT","['प्रज्ञा', 'चितवन', 'मा', 'साथीहरू', 'सँग', 'भेट्छिन्', '।']","['PROPN', 'PROPN', 'ADP', 'NOUN', 'ADP', 'VERB', 'PUNCT']",7,7,True,प्रज्ञा चितवन मा साथीहरू सँग भेट्छिन् ।
"राजु, एभरेस्ट, बेस, क्याम्प, जाने, तयारी, मा, छ, ।","PROPN, PROPN, NOUN, NOUN, VERB, NOUN, ADP, AUX, PUNCT","['राजु', 'एभरेस्ट', 'बेस', 'क्याम्प', 'जाने', 'तयारी', 'मा', 'छ', '।']","['PROPN', 'PROPN', 'NOUN', 'NOUN', 'VERB', 'NOUN', 'ADP', 'AUX', 'PUNCT']",9,9,True,राजु एभरेस्ट बेस क्याम्प जाने तयारी मा छ ।
"कविता, कास्की, मा, नयाँ, होटेल, जाँच, गर्न, गइन्, ।","PROPN, PROPN, ADP, ADJ, NOUN, NOUN, VERB, VERB, PUNCT","['कविता', 'कास्की', 'मा', 'नयाँ', 'होटेल', 'जाँच', 'गर्न', 'गइन्', '।']","['PROPN', 'PROPN', 'ADP', 'ADJ', 'NOUN', 'NOUN', 'VERB', 'VERB', 'PUNCT']",9,9,True,कविता कास्की मा नयाँ होटेल जाँच गर्न गइन् ।
"अमित, रानी, को, अफिस, नेपाल, बैंक, मा, छ, ।","PROPN, PROPN, ADP, NOUN, PROPN, NOUN, ADP, AUX, PUNCT","['अमित', 'रानी', 'को', 'अफिस', 'नेपाल', 'बैंक', 'मा', 'छ', '।']","['PROPN', 'PROPN', 'ADP', 'NOUN', 'PROPN', 'NOUN', 'ADP', 'AUX', 'PUNCT']",9,9,True,अमित रानी को अफिस नेपाल बैंक मा छ ।
"सुमन, धरान, मा, मेडिकल, सेन्टर, जाँदैछ, ।","PROPN, PROPN, ADP, ADJ, NOUN, VERB, PUNCT","['सुमन', 'धरान', 'मा', 'मेडिकल', 'सेन्टर', 'जाँदैछ', '।']","['PROPN', 'PROPN', 'ADP', 'ADJ', 'NOUN', 'VERB', 'PUNCT']",7,7,True,सुमन धरान मा मेडिकल सेन्टर जाँदैछ ।
"राष्ट्रपति, रामचन्द्र, पौडेल, ले, नयाँ, आर्थिक, नीति, सार्वजनिक, गरे, ।","PROPN, PROPN, PROPN, ADP, ADJ, ADJ, NOUN, VERB, VERB, PUNCT","['राष्ट्रपति', 'रामचन्द्र', 'पौडेल', 'ले', 'नयाँ', 'आर्थिक', 'नीति', 'सार्वजनिक', 'गरे', '।']","['PROPN', 'PROPN', 'PROPN', 'ADP', 'ADJ', 'ADJ', 'NOUN', 'VERB', 'VERB', 'PUNCT']",10,10,True,राष्ट्रपति रामचन्द्र पौडेल ले नयाँ आर्थिक नीति सार्वजनिक गरे ।
"प्रधानमन्त्री, पुष्पकमल, दाहाल, ले, आपतकालीन, बैठक, डाकेका, छन्, ।","PROPN, PROPN, PROPN, ADP, ADJ, NOUN, VERB, AUX, PUNCT","['प्रधानमन्त्री', 'पुष्पकमल', 'दाहाल', 'ले', 'आपतकालीन', 'बैठक', 'डाकेका', 'छन्', '।']","['PROPN', 'PROPN', 'PROPN', 'ADP', 'ADJ', 'NOUN', 'VERB', 'AUX', 'PUNCT']",9,9,True,प्रधानमन्त्री पुष्पकमल दाहाल ले आपतकालीन बैठक डाकेका छन् ।
"प्रतिनिधिसभा, मा, १५, फेब्रुअरी, मा, नयाँ, शिक्षा, विधेयक, पारित, भयो, ।","NOUN, ADP, NUM, PROPN, ADP, ADJ, NOUN, NOUN, VERB, AUX, PUNCT","['प्रतिनिधिसभा', 'मा', '१५', 'फेब्रुअरी', 'मा', 'नयाँ', 'शिक्षा', 'विधेयक', 'पारित', 'भयो', '।']","['NOUN', 'ADP', 'NUM', 'PROPN', 'ADP', 'ADJ', 'NOUN', 'NOUN', 'VERB', 'AUX', 'PUNCT']",11,11,True,प्रतिनिधिसभा मा १५ फेब्रुअरी मा नयाँ शिक्षा विधेयक पारित भयो ।
"नेपाली, कांग्रेस, ले, आगामी, स्थानीय, चुनाव, का, लागि, रणनीति, तयार, गरेको, छ, ।","ADJ, PROPN, ADP, ADJ, ADJ, NOUN, ADP, ADP, NOUN, ADJ, VERB, AUX, PUNCT","['नेपाली', 'कांग्रेस', 'ले', 'आगामी', 'स्थानीय', 'चुनाव', 'का', 'लागि', 'रणनीति', 'तयार', 'गरेको', 'छ', '।']","['ADJ', 'PROPN', 'ADP', 'ADJ', 'ADJ', 'NOUN', 'ADP', 'ADP', 'NOUN', 'ADJ', 'VERB', 'AUX', 'PUNCT']",13,13,True,नेपाली कांग्रेस ले आगामी स्थानीय चुनाव का लागि रणनीति तयार गरेको छ ।
"संघीय, संसद, ले, स्वास्थ्य, सेवा, सुधार, को, योजना, अनुमोदन, गर्यो, ।","ADJ, NOUN, ADP, NOUN, NOUN, NOUN, ADP, NOUN, VERB, VERB, PUNCT","['संघीय', 'संसद', 'ले', 'स्वास्थ्य', 'सेवा', 'सुधार', 'को', 'योजना', 'अनुमोदन', 'गर्यो', '।']","['ADJ', 'NOUN', 'ADP', 'NOUN', 'NOUN', 'NOUN', 'ADP', 'NOUN', 'VERB', 'VERB', 'PUNCT']",11,11,True,संघीय संसद ले स्वास्थ्य सेवा सुधार को योजना अनुमोदन गर्यो ।
"नेपाल, प्रहरी, ले, काठमाडौं, मा, ट्राफिक, सुधार, अभियान, सुरु, गरेको, छ, ।","PROPN, NOUN, ADP, PROPN, ADP, NOUN, NOUN, NOUN, VERB, VERB, AUX, PUNCT","['नेपाल', 'प्रहरी', 'ले', 'काठमाडौं', 'मा', 'ट्राफिक', 'सुधार', 'अभियान', 'सुरु', 'गरेको', 'छ', '।']","['PROPN', 'NOUN', 'ADP', 'PROPN', 'ADP', 'NOUN', 'NOUN', 'NOUN', 'VERB', 'VERB', 'AUX', 'PUNCT']",12,12,True,नेपाल प्रहरी ले काठमाडौं मा ट्राफिक सुधार अभियान सुरु गरेको छ ।
"शिक्षा, मन्त्रालय, ले, नयाँ, पाठ्यक्रम, लागू, गर्ने, घोषणा, गरेको, छ, ।","NOUN, NOUN, ADP, ADJ, NOUN, VERB, VERB, NOUN, VERB, AUX, PUNCT","['शिक्षा', 'मन्त्रालय', 'ले', 'नयाँ', 'पाठ्यक्रम', 'लागू', 'गर्ने', 'घोषणा', 'गरेको', 'छ', '।']","['NOUN', 'NOUN', 'ADP', 'ADJ', 'NOUN', 'VERB', 'VERB', 'NOUN', 'VERB', 'AUX', 'PUNCT']",11,11,True,शिक्षा मन्त्रालय ले नयाँ पाठ्यक्रम लागू गर्ने घोषणा गरेको छ ।
"राष्ट्रिय, योजना, आयोग, ले, बजेट, व्यवस्थापन, को, रिपोर्ट, सार्वजनिक, गर्यो, ।","ADJ, NOUN, NOUN, ADP, NOUN, NOUN, ADP, NOUN, VERB, VERB, PUNCT","['राष्ट्रिय', 'योजना', 'आयोग', 'ले', 'बजेट', 'व्यवस्थापन', 'को', 'रिपोर्ट', 'सार्वजनिक', 'गर्यो', '।']","['ADJ', 'NOUN', 'NOUN', 'ADP', 'NOUN', 'NOUN', 'ADP', 'NOUN', 'VERB', 'VERB', 'PUNCT']",11,11,True,राष्ट्रिय योजना आयोग ले बजेट व्यवस्थापन को रिपोर्ट सार्वजनिक गर्यो ।
"सगरमाथा, राष्ट्रिय, निकुञ्ज, मा, नयाँ, पर्यटक, सुविधा, निर्माण, गरिएको, छ, ।","PROPN, ADJ, NOUN, ADP, ADJ, NOUN, NOUN, VERB, VERB, AUX, PUNCT","['सगरमाथा', 'राष्ट्रिय', 'निकुञ्ज', 'मा', 'नयाँ', 'पर्यटक', 'सुविधा', 'निर्माण', 'गरिएको', 'छ', '।']","['PROPN', 'ADJ', 'NOUN', 'ADP', 'ADJ', 'NOUN', 'NOUN', 'VERB', 'VERB', 'AUX', 'PUNCT']",11,11,True,सगरमाथा राष्ट्रिय निकुञ्ज मा नयाँ पर्यटक सुविधा निर्माण गरिएको छ ।
"बुटवल, मा, नयाँ, जलविद्युत, आयोजना, उद्घाटन, भयो, ।","PROPN, ADP, ADJ, NOUN, NOUN, NOUN, AUX, PUNCT","['बुटवल', 'मा', 'नयाँ', 'जलविद्युत', 'आयोजना', 'उद्घाटन', 'भयो', '।']","['PROPN', 'ADP', 'ADJ', 'NOUN', 'NOUN', 'NOUN', 'AUX', 'PUNCT']",8,8,True,बुटवल मा नयाँ जलविद्युत आयोजना उद्घाटन भयो ।
"भारतीय, दूतावास, ले, काठमाडौं, मा, नयाँ, कार्यक्रम, आयोजना, गर्यो, ।","ADJ, NOUN, ADP, PROPN, ADP, ADJ, NOUN, NOUN, VERB, PUNCT","['भारतीय', 'दूतावास', 'ले', 'काठमाडौं', 'मा', 'नयाँ', 'कार्यक्रम', 'आयोजना', 'गर्यो', '।']","['ADJ', 'NOUN', 'ADP', 'PROPN', 'ADP', 'ADJ', 'NOUN', 'NOUN', 'VERB', 'PUNCT']",10,10,True,भारतीय दूतावास ले काठमाडौं मा नयाँ कार्यक्रम आयोजना गर्यो ।
"राष्ट्रियसभा, सदस्य, हरू, सँग, सोमबार, विशेष, बैठक, आयोजना, गरियो, ।","PROPN, NOUN, NOUN, ADP, PROPN, ADJ, NOUN, NOUN, VERB, PUNCT","['राष्ट्रियसभा', 'सदस्य', 'हरू', 'सँग', 'सोमबार', 'विशेष', 'बैठक', 'आयोजना', 'गरियो', '।']","['PROPN', 'NOUN', 'NOUN', 'ADP', 'PROPN', 'ADJ', 'NOUN', 'NOUN', 'VERB', 'PUNCT']",10,10,True,राष्ट्रियसभा सदस्य हरू सँग सोमबार विशेष बैठक आयोजना गरियो ।
"स्वास्थ्य, मन्त्रालय, ले, २०, फेब्रुअरी, देखि, खोप, कार्यक्रम, सुरु, गर्ने, निर्णय, गर्यो, ।","NOUN, NOUN, ADP, NUM, PROPN, ADP, NOUN, NOUN, VERB, VERB, NOUN, VERB, PUNCT","['स्वास्थ्य', 'मन्त्रालय', 'ले', '२०', 'फेब्रुअरी', 'देखि', 'खोप', 'कार्यक्रम', 'सुरु', 'गर्ने', 'निर्णय', 'गर्यो', '।']","['NOUN', 'NOUN', 'ADP', 'NUM', 'PROPN', 'ADP', 'NOUN', 'NOUN', 'VERB', 'VERB', 'NOUN', 'VERB', 'PUNCT']",13,13,True,स्वास्थ्य मन्त्रालय ले २० फेब्रुअरी देखि खोप कार्यक्रम सुरु गर्ने निर्णय गर्यो ।
"नेपाल, विद्युत, प्राधिकरण, ले, नयाँ, सबस्टेशन, निर्माण, गर्यो, ।","PROPN, NOUN, NOUN, ADP, ADJ, NOUN, NOUN, VERB, PUNCT","['नेपाल', 'विद्युत', 'प्राधिकरण', 'ले', 'नयाँ', 'सबस्टेशन', 'निर्माण', 'गर्यो', '।']","['PROPN', 'NOUN', 'NOUN', 'ADP', 'ADJ', 'NOUN', 'NOUN', 'VERB', 'PUNCT']",9,9,True,नेपाल विद्युत प्राधिकरण ले नयाँ सबस्टेशन निर्माण गर्यो ।
"काठमाडौं, महानगरपालिका, ले, सडक, मर्मतकार्य, सुरु, गरेको, छ, ।","PROPN, NOUN, ADP, NOUN, NOUN, VERB, VERB, AUX, PUNCT","['काठमाडौं', 'महानगरपालिका', 'ले', 'सडक', 'मर्मतकार्य', 'सुरु', 'गरेको', 'छ', '।']","['PROPN', 'NOUN', 'ADP', 'NOUN', 'NOUN', 'VERB', 'VERB', 'AUX', 'PUNCT']",9,9,True,काठमाडौं महानगरपालिका ले सडक मर्मतकार्य सुरु गरेको छ ।
"प्रहरी, प्रधान, कार्यालय, ले, सुरक्षामा, कडा, कदम, चाल्ने, जनाएको, छ, ।","NOUN, ADJ, NOUN, ADP, NOUN, ADJ, NOUN, VERB, VERB, AUX, PUNCT","['प्रहरी', 'प्रधान', 'कार्यालय', 'ले', 'सुरक्षामा', 'कडा', 'कदम', 'चाल्ने', 'जनाएको', 'छ', '।']","['NOUN', 'ADJ', 'NOUN', 'ADP', 'NOUN', 'ADJ', 'NOUN', 'VERB', 'VERB', 'AUX', 'PUNCT']",11,11,True,प्रहरी प्रधान कार्यालय ले सुरक्षामा कडा कदम चाल्ने जनाएको छ ।
"राष्ट्रिय, खेलकुद, परिषद्, ले, नयाँ, खेलकुद, नीति, लागू, गरेको, छ, ।","ADJ, NOUN, NOUN, ADP, ADJ, NOUN, NOUN, VERB, VERB, AUX, PUNCT","['राष्ट्रिय', 'खेलकुद', 'परिषद्', 'ले', 'नयाँ', 'खेलकुद', 'नीति', 'लागू', 'गरेको', 'छ', '।']","['ADJ', 'NOUN', 'NOUN', 'ADP', 'ADJ', 'NOUN', 'NOUN', 'VERB', 'VERB', 'AUX', 'PUNCT']",11,11,True,राष्ट्रिय खेलकुद परिषद् ले नयाँ खेलकुद नीति लागू गरेको छ ।
"पोखरा, मा, नयाँ, अन्तर्राष्ट्रिय, सम्मेलन, आयोजना, गरियो, ।","PROPN, ADP, ADJ, ADJ, NOUN, NOUN, VERB, PUNCT","['पोखरा', 'मा', 'नयाँ', 'अन्तर्राष्ट्रिय', 'सम्मेलन', 'आयोजना', 'गरियो', '।']","['PROPN', 'ADP', 'ADJ', 'ADJ', 'NOUN', 'NOUN', 'VERB', 'PUNCT']",8,8,True,पोखरा मा नयाँ अन्तर्राष्ट्रिय सम्मेलन आयोजना गरियो ।
"जिल्ला, प्रशासन, कार्यालय, काठमाडौं, ले, निषेधाज्ञा, थप, गरेको, छ, ।","NOUN, NOUN, NOUN, PROPN, ADP, NOUN, VERB, VERB, AUX, PUNCT","['जिल्ला', 'प्रशासन', 'कार्यालय', 'काठमाडौं', 'ले', 'निषेधाज्ञा', 'थप', 'गरेको', 'छ', '।']","['NOUN', 'NOUN', 'NOUN', 'PROPN', 'ADP', 'NOUN', 'VERB', 'VERB', 'AUX', 'PUNCT']",10,10,True,जिल्ला प्रशासन कार्यालय काठमाडौं ले निषेधाज्ञा थप गरेको छ ।
"सिन्धुपाल्चोक, मा, नयाँ, पुल, निर्माण, सम्पन्न, भएको, छ, ।","PROPN, ADP, ADJ, NOUN, NOUN, VERB, AUX, AUX, PUNCT","['सिन्धुपाल्चोक', 'मा', 'नयाँ', 'पुल', 'निर्माण', 'सम्पन्न', 'भएको', 'छ', '।']","['PROPN', 'ADP', 'ADJ', 'NOUN', 'NOUN', 'VERB', 'AUX', 'AUX', 'PUNCT']",9,9,True,सिन्धुपाल्चोक मा नयाँ पुल निर्माण सम्पन्न भएको छ ।
"अन्जली, हेटौँडा, को, पर्यटन, स्थल, भ्रमण, मा, छिन्, ।","PROPN, PROPN, ADP, NOUN, NOUN, NOUN, ADP, AUX, PUNCT","['अन्जली', 'हेटौँडा', 'को', 'पर्यटन', 'स्थल', 'भ्रमण', 'मा', 'छिन्', '।']","['PROPN', 'PROPN', 'ADP', 'NOUN', 'NOUN', 'NOUN', 'ADP', 'AUX', 'PUNCT']",9,9,True,अन्जली हेटौँडा को पर्यटन स्थल भ्रमण मा छिन् ।
"विकाश, वीरगन्ज, मा, नयाँ, शाखा, खोल्दैछ, ।","PROPN, PROPN, ADP, ADJ, NOUN, VERB, PUNCT","['विकाश', 'वीरगन्ज', 'मा', 'नयाँ', 'शाखा', 'खोल्दैछ', '।']","['PROPN', 'PROPN', 'ADP', 'ADJ', 'NOUN', 'VERB', 'PUNCT']",7,7,True,विकाश वीरगन्ज मा नयाँ शाखा खोल्दैछ ।
"रोशनी, झापा, मा, साथी, भेट्न, गइन्, ।","PROPN, PROPN, ADP, NOUN, VERB, VERB, PUNCT","['रोशनी', 'झापा', 'मा', 'साथी', 'भेट्न', 'गइन्', '।']","['PROPN', 'PROPN', 'ADP', 'NOUN', 'VERB', 'VERB', 'PUNCT']",7,7,True,रोशनी झापा मा साथी भेट्न गइन् ।
"अर्पण, ले, बागमती, प्रदेश, को, राजधानी, भ्रमण, गर्दैछ, ।","PROPN, ADP, PROPN, NOUN, ADP, NOUN, VERB, VERB, PUNCT","['अर्पण', 'ले', 'बागमती', 'प्रदेश', 'को', 'राजधानी', 'भ्रमण', 'गर्दैछ', '।']","['PROPN', 'ADP', 'PROPN', 'NOUN', 'ADP', 'NOUN', 'VERB', 'VERB', 'PUNCT']",9,9,True,अर्पण ले बागमती प्रदेश को राजधानी भ्रमण गर्दैछ ।
"माया, धनगढी, बजार, मा, किनमेल, गर्दैछिन्, ।","PROPN, PROPN, NOUN, ADP, VERB, VERB, PUNCT","['माया', 'धनगढी', 'बजार', 'मा', 'किनमेल', 'गर्दैछिन्', '।']","['PROPN', 'PROPN', 'NOUN', 'ADP', 'VERB', 'VERB', 'PUNCT']",7,7,True,माया धनगढी बजार मा किनमेल गर्दैछिन् ।
"सञ्जय, पोखरा, मा, नयाँ, रेस्टुरेन्ट, हेर्न, गएको, छ, ।","PROPN, PROPN, ADP, ADJ, NOUN, VERB, VERB, AUX, PUNCT","['सञ्जय', 'पोखरा', 'मा', 'नयाँ', 'रेस्टुरेन्ट', 'हेर्न', 'गएको', 'छ', '।']","['PROPN', 'PROPN', 'ADP', 'ADJ', 'NOUN', 'VERB', 'VERB', 'AUX', 'PUNCT']",9,9,True,सञ्जय पोखरा मा नयाँ रेस्टुरेन्ट हेर्न गएको छ ।
"राधिका, नेपालगञ्ज, मा, साथी, भेट्न, गइन्, ।","PROPN, PROPN, ADP, NOUN, VERB, VERB, PUNCT","['राधिका', 'नेपालगञ्ज', 'मा', 'साथी', 'भेट्न', 'गइन्', '।']","['PROPN', 'PROPN', 'ADP', 'NOUN', 'VERB', 'VERB', 'PUNCT']",7,7,True,राधिका नेपालगञ्ज मा साथी भेट्न गइन् ।
"विवेक, बिराटनगर, बाट, हिँड्दैछ, ।","PROPN, PROPN, ADP, VERB, PUNCT","['विवेक', 'बिराटनगर', 'बाट', 'हिँड्दैछ', '।']","['PROPN', 'PROPN', 'ADP', 'VERB', 'PUNCT']",5,5,True,विवेक बिराटनगर बाट हिँड्दैछ ।
"कविता, बर्दिया, राष्ट्रिय, निकुञ्ज, भ्रमण, मा, छिन्, ।","PROPN, PROPN, ADJ, NOUN, NOUN, ADP, AUX, PUNCT","['कविता', 'बर्दिया', 'राष्ट्रिय', 'निकुञ्ज', 'भ्रमण', 'मा', 'छिन्', '।']","['PROPN', 'PROPN', 'ADJ', 'NOUN', 'NOUN', 'ADP', 'AUX', 'PUNCT']",8,8,True,कविता बर्दिया राष्ट्रिय निकुञ्ज भ्रमण मा छिन् ।
"अजय, पाटन, दरबार, स्क्वायर, जाँदैछ, ।","PROPN, PROPN, NOUN, NOUN, VERB, PUNCT","['अजय', 'पाटन', 'दरबार', 'स्क्वायर', 'जाँदैछ', '।']","['PROPN', 'PROPN', 'NOUN', 'NOUN', 'VERB', 'PUNCT']",6,6,True,अजय पाटन दरबार स्क्वायर जाँदैछ ।
"सीमा, काठमाडौँ, को, भृकुटीमण्डप, मा, छिन्, ।","PROPN, PROPN, ADP, PROPN, ADP, AUX, PUNCT","['सीमा', 'काठमाडौँ', 'को', 'भृकुटीमण्डप', 'मा', 'छिन्', '।']","['PROPN', 'PROPN', 'ADP', 'PROPN', 'ADP', 'AUX', 'PUNCT']",7,7,True,सीमा काठमाडौँ को भृकुटीमण्डप मा छिन् ।
"दीपक, एभरेस्ट, हाइकिङ, मा, सहभागी, छ, ।","PROPN, PROPN, NOUN, ADP, ADJ, AUX, PUNCT","['दीपक', 'एभरेस्ट', 'हाइकिङ', 'मा', 'सहभागी', 'छ', '।']","['PROPN', 'PROPN', 'NOUN', 'ADP', 'ADJ', 'AUX', 'PUNCT']",7,7,True,दीपक एभरेस्ट हाइकिङ मा सहभागी छ ।
"मीरा, जनकपुरधाम, को, सांस्कृतिक, स्थल, भ्रमण, मा, छिन्, ।","PROPN, PROPN, ADP, ADJ, NOUN, NOUN, ADP, AUX, PUNCT","['मीरा', 'जनकपुरधाम', 'को', 'सांस्कृतिक', 'स्थल', 'भ्रमण', 'मा', 'छिन्', '।']","['PROPN', 'PROPN', 'ADP', 'ADJ', 'NOUN', 'NOUN', 'ADP', 'AUX', 'PUNCT']",9,9,True,मीरा जनकपुरधाम को सांस्कृतिक स्थल भ्रमण मा छिन् ।
"अनिश, पोखरा, को, फेवा, ताल, घुम्न, गयो, ।","PROPN, PROPN, ADP, PROPN, NOUN, VERB, VERB, PUNCT","['अनिश', 'पोखरा', 'को', 'फेवा', 'ताल', 'घुम्न', 'गयो', '।']","['PROPN', 'PROPN', 'ADP', 'PROPN', 'NOUN', 'VERB', 'VERB', 'PUNCT']",8,8,True,अनिश पोखरा को फेवा ताल घुम्न गयो ।
"सुषान्त, बागलुङ, को, कालिका, मन्दिर, मा, दर्शन, गर्दैछ, ।","PROPN, PROPN, ADP, PROPN, NOUN, ADP, VERB, VERB, PUNCT","['सुषान्त', 'बागलुङ', 'को', 'कालिका', 'मन्दिर', 'मा', 'दर्शन', 'गर्दैछ', '।']","['PROPN', 'PROPN', 'ADP', 'PROPN', 'NOUN', 'ADP', 'VERB', 'VERB', 'PUNCT']",9,9,True,सुषान्त बागलुङ को कालिका मन्दिर मा दर्शन गर्दैछ ।
"रुविना, विराटनगर, को, व्यापारिक, केन्द्र, मा, भेटिन्छिन्, ।","PROPN, PROPN, ADP, ADJ, NOUN, ADP, VERB, PUNCT","['रुविना', 'विराटनगर', 'को', 'व्यापारिक', 'केन्द्र', 'मा', 'भेटिन्छिन्', '।']","['PROPN', 'PROPN', 'ADP', 'ADJ', 'NOUN', 'ADP', 'VERB', 'PUNCT']",8,8,True,रुविना विराटनगर को व्यापारिक केन्द्र मा भेटिन्छिन् ।
"मनिष, सर्लाही, जिल्ला, मा, नयाँ, स्कूल, भ्रमण, गर्दैछ, ।","PROPN, PROPN, NOUN, ADP, ADJ, NOUN, NOUN, VERB, PUNCT","['मनिष', 'सर्लाही', 'जिल्ला', 'मा', 'नयाँ', 'स्कूल', 'भ्रमण', 'गर्दैछ', '।']","['PROPN', 'PROPN', 'NOUN', 'ADP', 'ADJ', 'NOUN', 'NOUN', 'VERB', 'PUNCT']",9,9,True,मनिष सर्लाही जिल्ला मा नयाँ स्कूल भ्रमण गर्दैछ ।
"अञ्जली, ललितपुर, कला, सङ्ग्रहालय, जाँदैछिन्, ।","PROPN, PROPN, NOUN, NOUN, VERB, PUNCT","['अञ्जली', 'ललितपुर', 'कला', 'सङ्ग्रहालय', 'जाँदैछिन्', '।']","['PROPN', 'PROPN', 'NOUN', 'NOUN', 'VERB', 'PUNCT']",6,6,True,अञ्जली ललितपुर कला सङ्ग्रहालय जाँदैछिन् ।
"किरण, धरान, को, मेडिकल, कलेज, मा, जाँच, गर्न, गयो, ।","PROPN, PROPN, ADP, ADJ, NOUN, ADP, NOUN, VERB, VERB, PUNCT","['किरण', 'धरान', 'को', 'मेडिकल', 'कलेज', 'मा', 'जाँच', 'गर्न', 'गयो', '।']","['PROPN', 'PROPN', 'ADP', 'ADJ', 'NOUN', 'ADP', 'NOUN', 'VERB', 'VERB', 'PUNCT']",10,10,True,किरण धरान को मेडिकल कलेज मा जाँच गर्न गयो ।
"सञ्जना, हुम्ला, जिल्ला, भ्रमण, मा, छिन्, ।","PROPN, PROPN, NOUN, NOUN, ADP, AUX, PUNCT","['सञ्जना', 'हुम्ला', 'जिल्ला', 'भ्रमण', 'मा', 'छिन्', '।']","['PROPN', 'PROPN', 'NOUN', 'NOUN', 'ADP', 'AUX', 'PUNCT']",7,7,True,सञ्जना हुम्ला जिल्ला भ्रमण मा छिन् ।
"डोल्पा, नेपाल, को, दुर्गम, हिमाली, जिल्ला, हो, ।","PROPN, PROPN, ADP, ADJ, ADJ, NOUN, AUX, PUNCT","['डोल्पा', 'नेपाल', 'को', 'दुर्गम', 'हिमाली', 'जिल्ला', 'हो', '।']","['PROPN', 'PROPN', 'ADP', 'ADJ', 'ADJ', 'NOUN', 'AUX', 'PUNCT']",8,8,True,डोल्पा नेपाल को दुर्गम हिमाली जिल्ला हो ।
"महेन्द्रनगर, सुदूरपश्चिम, प्रदेश, को, प्रमुख, सहर, हो, ।","PROPN, PROPN, NOUN, ADP, ADJ, NOUN, AUX, PUNCT","['महेन्द्रनगर', 'सुदूरपश्चिम', 'प्रदेश', 'को', 'प्रमुख', 'सहर', 'हो', '।']","['PROPN', 'PROPN', 'NOUN', 'ADP', 'ADJ', 'NOUN', 'AUX', 'PUNCT']",8,8,True,महेन्द्रनगर सुदूरपश्चिम प्रदेश को प्रमुख सहर हो ।
"पाथीभरा, मन्दिर, धार्मिक, आस्था, को, केन्द्र, मानिन्छ, ।","PROPN, NOUN, ADJ, NOUN, ADP, NOUN, VERB, PUNCT","['पाथीभरा', 'मन्दिर', 'धार्मिक', 'आस्था', 'को', 'केन्द्र', 'मानिन्छ', '।']","['PROPN', 'NOUN', 'ADJ', 'NOUN', 'ADP', 'NOUN', 'VERB', 'PUNCT']",8,8,True,पाथीभरा मन्दिर धार्मिक आस्था को केन्द्र मानिन्छ ।
"कञ्चनजंघा, विश्व, को, तेस्रो, अग्लो, हिमाल, हो, ।","PROPN, NOUN, ADP, ADJ, ADJ, NOUN, AUX, PUNCT","['कञ्चनजंघा', 'विश्व', 'को', 'तेस्रो', 'अग्लो', 'हिमाल', 'हो', '।']","['PROPN', 'NOUN', 'ADP', 'ADJ', 'ADJ', 'NOUN', 'AUX', 'PUNCT']",8,8,True,कञ्चनजंघा विश्व को तेस्रो अग्लो हिमाल हो ।
"धनगढी, तराई, क्षेत्र, को, महत्वपूर्ण, व्यापारिक, केन्द्र, हो, ।","PROPN, NOUN, NOUN, ADP, ADJ, ADJ, NOUN, AUX, PUNCT","['धनगढी', 'तराई', 'क्षेत्र', 'को', 'महत्वपूर्ण', 'व्यापारिक', 'केन्द्र', 'हो', '।']","['PROPN', 'NOUN', 'NOUN', 'ADP', 'ADJ', 'ADJ', 'NOUN', 'AUX', 'PUNCT']",9,9,True,धनगढी तराई क्षेत्र को महत्वपूर्ण व्यापारिक केन्द्र हो ।
"तिलिचो, ताल, उच्च, हिमाली, क्षेत्रमा, अवस्थित, छ, ।","PROPN, NOUN, ADJ, ADJ, NOUN, VERB, AUX, PUNCT","['तिलिचो', 'ताल', 'उच्च', 'हिमाली', 'क्षेत्रमा', 'अवस्थित', 'छ', '।']","['PROPN', 'NOUN', 'ADJ', 'ADJ', 'NOUN', 'VERB', 'AUX', 'PUNCT']",8,8,True,तिलिचो ताल उच्च हिमाली क्षेत्रमा अवस्थित छ ।
"बैतडी, धार्मिक, तथा, सांस्कृतिक, परम्परा, ले, समृद्ध, छ, ।","PROPN, ADJ, CCONJ, ADJ, NOUN, ADP, ADJ, AUX, PUNCT","['बैतडी', 'धार्मिक', 'तथा', 'सांस्कृतिक', 'परम्परा', 'ले', 'समृद्ध', 'छ', '।']","['PROPN', 'ADJ', 'CCONJ', 'ADJ', 'NOUN', 'ADP', 'ADJ', 'AUX', 'PUNCT']",9,9,True,बैतडी धार्मिक तथा सांस्कृतिक परम्परा ले समृद्ध छ ।
"कालीगण्डकी, नदी, नेपाल, को, प्रमुख, नदी, मध्ये, एक, हो, ।","PROPN, NOUN, PROPN, ADP, ADJ, NOUN, ADP, NUM, AUX, PUNCT","['कालीगण्डकी', 'नदी', 'नेपाल', 'को', 'प्रमुख', 'नदी', 'मध्ये', 'एक', 'हो', '।']","['PROPN', 'NOUN', 'PROPN', 'ADP', 'ADJ', 'NOUN', 'ADP', 'NUM', 'AUX', 'PUNCT']",10,10,True,कालीगण्डकी नदी नेपाल को प्रमुख नदी मध्ये एक हो ।
"सुर्खेत, कर्णाली, प्रदेश, को, प्रवेशद्वार, मानिन्छ, ।","PROPN, PROPN, NOUN, ADP, NOUN, VERB, PUNCT","['सुर्खेत', 'कर्णाली', 'प्रदेश', 'को', 'प्रवेशद्वार', 'मानिन्छ', '।']","['PROPN', 'PROPN', 'NOUN', 'ADP', 'NOUN', 'VERB', 'PUNCT']",7,7,True,सुर्खेत कर्णाली प्रदेश को प्रवेशद्वार मानिन्छ ।
"बागलुङ, कालिका, मन्दिर, धार्मिक, दृष्टिले, महत्वपूर्ण, छ, ।","PROPN, PROPN, NOUN, ADJ, NOUN, ADJ, AUX, PUNCT","['बागलुङ', 'कालिका', 'मन्दिर', 'धार्मिक', 'दृष्टिले', 'महत्वपूर्ण', 'छ', '।']","['PROPN', 'PROPN', 'NOUN', 'ADJ', 'NOUN', 'ADJ', 'AUX', 'PUNCT']",8,8,True,बागलुङ कालिका मन्दिर धार्मिक दृष्टिले महत्वपूर्ण छ ।
"दार्चुला, भारत, र, चीन, सँग, सिमाना, जोडिएको, जिल्ला, हो, ।","PROPN, PROPN, CCONJ, PROPN, ADP, NOUN, VERB, NOUN, AUX, PUNCT","['दार्चुला', 'भारत', 'र', 'चीन', 'सँग', 'सिमाना', 'जोडिएको', 'जिल्ला', 'हो', '।']","['PROPN', 'PROPN', 'CCONJ', 'PROPN', 'ADP', 'NOUN', 'VERB', 'NOUN', 'AUX', 'PUNCT']",10,10,True,दार्चुला भारत र चीन सँग सिमाना जोडिएको जिल्ला हो ।
"फेवा, ताल, पोखरा, को, आकर्षण, को, मुख्य, केन्द्र, हो, ।","PROPN, NOUN, PROPN, ADP, NOUN, ADP, ADJ, NOUN, AUX, PUNCT","['फेवा', 'ताल', 'पोखरा', 'को', 'आकर्षण', 'को', 'मुख्य', 'केन्द्र', 'हो', '।']","['PROPN', 'NOUN', 'PROPN', 'ADP', 'NOUN', 'ADP', 'ADJ', 'NOUN', 'AUX', 'PUNCT']",10,10,True,फेवा ताल पोखरा को आकर्षण को मुख्य केन्द्र हो ।
"रामेछाप, पहाडी, भूगोल, ले, घेरिएको, जिल्ला, हो, ।","PROPN, ADJ, NOUN, ADP, VERB, NOUN, AUX, PUNCT","['रामेछाप', 'पहाडी', 'भूगोल', 'ले', 'घेरिएको', 'जिल्ला', 'हो', '।']","['PROPN', 'ADJ', 'NOUN', 'ADP', 'VERB', 'NOUN', 'AUX', 'PUNCT']",8,8,True,रामेछाप पहाडी भूगोल ले घेरिएको जिल्ला हो ।
"बाँके, राष्ट्रिय, निकुञ्ज, वन्यजन्तु, संरक्षण, का, लागि, परिचित, छ, ।","PROPN, ADJ, NOUN, NOUN, NOUN, ADP, ADP, ADJ, AUX, PUNCT","['बाँके', 'राष्ट्रिय', 'निकुञ्ज', 'वन्यजन्तु', 'संरक्षण', 'का', 'लागि', 'परिचित', 'छ', '।']","['PROPN', 'ADJ', 'NOUN', 'NOUN', 'NOUN', 'ADP', 'ADP', 'ADJ', 'AUX', 'PUNCT']",10,10,True,बाँके राष्ट्रिय निकुञ्ज वन्यजन्तु संरक्षण का लागि परिचित छ ।
"मकालु, हिमाल, पूर्वी, नेपाल, मा, अवस्थित, छ, ।","PROPN, NOUN, ADJ, PROPN, ADP, VERB, AUX, PUNCT","['मकालु', 'हिमाल', 'पूर्वी', 'नेपाल', 'मा', 'अवस्थित', 'छ', '।']","['PROPN', 'NOUN', 'ADJ', 'PROPN', 'ADP', 'VERB', 'AUX', 'PUNCT']",8,8,True,मकालु हिमाल पूर्वी नेपाल मा अवस्थित छ ।
"जुम्ला, स्याउ, उत्पादन, का, लागि, प्रसिद्ध, छ, ।","PROPN, NOUN, NOUN, ADP, ADP, ADJ, AUX, PUNCT","['जुम्ला', 'स्याउ', 'उत्पादन', 'का', 'लागि', 'प्रसिद्ध', 'छ', '।']","['PROPN', 'NOUN', 'NOUN', 'ADP', 'ADP', 'ADJ', 'AUX', 'PUNCT']",8,8,True,जुम्ला स्याउ उत्पादन का लागि प्रसिद्ध छ ।
"काभ्रे, जिल्ला, ऐतिहासिक, तथा, प्राकृतिक, स्थल, ले, भरिएको, छ, ।","PROPN, NOUN, ADJ, CCONJ, ADJ, NOUN, ADP, VERB, AUX, PUNCT","['काभ्रे', 'जिल्ला', 'ऐतिहासिक', 'तथा', 'प्राकृतिक', 'स्थल', 'ले', 'भरिएको', 'छ', '।']","['PROPN', 'NOUN', 'ADJ', 'CCONJ', 'ADJ', 'NOUN', 'ADP', 'VERB', 'AUX', 'PUNCT']",10,10,True,काभ्रे जिल्ला ऐतिहासिक तथा प्राकृतिक स्थल ले भरिएको छ ।
"बलेवा, विमानस्थल, बागलुङ, मा, अवस्थित, छ, ।","PROPN, NOUN, PROPN, ADP, VERB, AUX, PUNCT","['बलेवा', 'विमानस्थल', 'बागलुङ', 'मा', 'अवस्थित', 'छ', '।']","['PROPN', 'NOUN', 'PROPN', 'ADP', 'VERB', 'AUX', 'PUNCT']",7,7,True,बलेवा विमानस्थल बागलुङ मा अवस्थित छ ।
"खोटाङ, पहाडी, भूभाग, मा, फैलिएको, जिल्ला, हो, ।","PROPN, ADJ, NOUN, ADP, VERB, NOUN, AUX, PUNCT","['खोटाङ', 'पहाडी', 'भूभाग', 'मा', 'फैलिएको', 'जिल्ला', 'हो', '।']","['PROPN', 'ADJ', 'NOUN', 'ADP', 'VERB', 'NOUN', 'AUX', 'PUNCT']",8,8,True,खोटाङ पहाडी भूभाग मा फैलिएको जिल्ला हो ।
"ललितपुर, कला, र, संस्कृतिको, केन्द्र, का, रूपमा, चिनिन्छ, ।","PROPN, NOUN, CCONJ, NOUN, NOUN, ADP, NOUN, VERB, PUNCT","['ललितपुर', 'कला', 'र', 'संस्कृतिको', 'केन्द्र', 'का', 'रूपमा', 'चिनिन्छ', '।']","['PROPN', 'NOUN', 'CCONJ', 'NOUN', 'NOUN', 'ADP', 'NOUN', 'VERB', 'PUNCT']",9,9,True,ललितपुर कला र संस्कृतिको केन्द्र का रूपमा चिनिन्छ ।
"प्रधानमन्त्री, कार्यालय, ले, आपतकालीन, राहत, योजना, घोषणा, गर्यो, ।","PROPN, NOUN, ADP, ADJ, NOUN, NOUN, NOUN, VERB, PUNCT","['प्रधानमन्त्री', 'कार्यालय', 'ले', 'आपतकालीन', 'राहत', 'योजना', 'घोषणा', 'गर्यो', '।']","['PROPN', 'NOUN', 'ADP', 'ADJ', 'NOUN', 'NOUN', 'NOUN', 'VERB', 'PUNCT']",9,9,True,प्रधानमन्त्री कार्यालय ले आपतकालीन राहत योजना घोषणा गर्यो ।
"नेपाल, लाइफ, इन्स्योरेन्स, ले, नयाँ, बीमा, योजना, ल्याएको, छ, ।","PROPN, PROPN, PROPN, ADP, ADJ, NOUN, NOUN, VERB, AUX, PUNCT","['नेपाल', 'लाइफ', 'इन्स्योरेन्स', 'ले', 'नयाँ', 'बीमा', 'योजना', 'ल्याएको', 'छ', '।']","['PROPN', 'PROPN', 'PROPN', 'ADP', 'ADJ', 'NOUN', 'NOUN', 'VERB', 'AUX', 'PUNCT']",10,10,True,नेपाल लाइफ इन्स्योरेन्स ले नयाँ बीमा योजना ल्याएको छ ।
"काठमाडौँ,पोखरा, राजमार्ग, मर्मत, को, काम, सुरु, भएको, छ, ।","PROPN,PROPN, NOUN, NOUN, ADP, NOUN, VERB, AUX, AUX, PUNCT","['काठमाडौँ', 'पोखरा', 'राजमार्ग', 'मर्मत', 'को', 'काम', 'सुरु', 'भएको', 'छ', '।']","['PROPN', 'PROPN', 'NOUN', 'NOUN', 'ADP', 'NOUN', 'VERB', 'AUX', 'AUX', 'PUNCT']",10,10,True,काठमाडौँ पोखरा राजमार्ग मर्मत को काम सुरु भएको छ ।
"राष्ट्रिय, युवा, परिषद्, ले, नयाँ, कार्यक्रम, सुरु, गरेको, छ, ।","ADJ, ADJ, NOUN, ADP, ADJ, NOUN, VERB, VERB, AUX, PUNCT","['राष्ट्रिय', 'युवा', 'परिषद्', 'ले', 'नयाँ', 'कार्यक्रम', 'सुरु', 'गरेको', 'छ', '।']","['ADJ', 'ADJ', 'NOUN', 'ADP', 'ADJ', 'NOUN', 'VERB', 'VERB', 'AUX', 'PUNCT']",10,10,True,राष्ट्रिय युवा परिषद् ले नयाँ कार्यक्रम सुरु गरेको छ ।
"भूकम्पपछिको, पुनर्निर्माण, मा, संयुक्त, राष्ट्रसंघ, ले, सहयोग, दिएको, छ, ।","ADJ, NOUN, ADP, ADJ, PROPN, ADP, NOUN, VERB, AUX, PUNCT","['भूकम्पपछिको', 'पुनर्निर्माण', 'मा', 'संयुक्त', 'राष्ट्रसंघ', 'ले', 'सहयोग', 'दिएको', 'छ', '।']","['ADJ', 'NOUN', 'ADP', 'ADJ', 'PROPN', 'ADP', 'NOUN', 'VERB', 'AUX', 'PUNCT']",10,10,True,भूकम्पपछिको पुनर्निर्माण मा संयुक्त राष्ट्रसंघ ले सहयोग दिएको छ ।
"जिल्ला, अदालत, काठमाडौं, ले, नयाँ, फैसलाको, घोषणा, गर्यो, ।","NOUN, NOUN, PROPN, ADP, ADJ, NOUN, NOUN, VERB, PUNCT","['जिल्ला', 'अदालत', 'काठमाडौं', 'ले', 'नयाँ', 'फैसलाको', 'घोषणा', 'गर्यो', '।']","['NOUN', 'NOUN', 'PROPN', 'ADP', 'ADJ', 'NOUN', 'NOUN', 'VERB', 'PUNCT']",9,9,True,जिल्ला अदालत काठमाडौं ले नयाँ फैसलाको घोषणा गर्यो ।
"भक्तपुर, मा, नयाँ, विद्यालय, भवन, निर्माण, सम्पन्न, भएको, छ, ।","PROPN, ADP, ADJ, NOUN, NOUN, NOUN, VERB, AUX, AUX, PUNCT","['भक्तपुर', 'मा', 'नयाँ', 'विद्यालय', 'भवन', 'निर्माण', 'सम्पन्न', 'भएको', 'छ', '।']","['PROPN', 'ADP', 'ADJ', 'NOUN', 'NOUN', 'NOUN', 'VERB', 'AUX', 'AUX', 'PUNCT']",10,10,True,भक्तपुर मा नयाँ विद्यालय भवन निर्माण सम्पन्न भएको छ ।
"नेपाल, पर्यटन, बोर्ड, ले, नयाँ, प्रवर्द्धन, कार्यक्रम, सुरु, गरेको, छ, ।","PROPN, NOUN, NOUN, ADP, ADJ, NOUN, NOUN, VERB, VERB, AUX, PUNCT","['नेपाल', 'पर्यटन', 'बोर्ड', 'ले', 'नयाँ', 'प्रवर्द्धन', 'कार्यक्रम', 'सुरु', 'गरेको', 'छ', '।']","['PROPN', 'NOUN', 'NOUN', 'ADP', 'ADJ', 'NOUN', 'NOUN', 'VERB', 'VERB', 'AUX', 'PUNCT']",11,11,True,नेपाल पर्यटन बोर्ड ले नयाँ प्रवर्द्धन कार्यक्रम सुरु गरेको छ ।
"मोरङ, मा, नयाँ, अस्पताल, उद्घाटन, भयो, ।","PROPN, ADP, ADJ, NOUN, NOUN, AUX, PUNCT","['मोरङ', 'मा', 'नयाँ', 'अस्पताल', 'उद्घाटन', 'भयो', '।']","['PROPN', 'ADP', 'ADJ', 'NOUN', 'NOUN', 'AUX', 'PUNCT']",7,7,True,मोरङ मा नयाँ अस्पताल उद्घाटन भयो ।
"राष्ट्रियसभा, ले, सामाजिक, सुरक्षा, विधेयक, पारित, गरेको, छ, ।","PROPN, ADP, ADJ, NOUN, NOUN, VERB, VERB, AUX, PUNCT","['राष्ट्रियसभा', 'ले', 'सामाजिक', 'सुरक्षा', 'विधेयक', 'पारित', 'गरेको', 'छ', '।']","['PROPN', 'ADP', 'ADJ', 'NOUN', 'NOUN', 'VERB', 'VERB', 'AUX', 'PUNCT']",9,9,True,राष्ट्रियसभा ले सामाजिक सुरक्षा विधेयक पारित गरेको छ ।
"बागमती, प्रदेश, सरकारले, सडक, सुधार, योजना, लागू, गरेको, छ, ।","PROPN, NOUN, NOUN, NOUN, NOUN, NOUN, VERB, VERB, AUX, PUNCT","['बागमती', 'प्रदेश', 'सरकारले', 'सडक', 'सुधार', 'योजना', 'लागू', 'गरेको', 'छ', '।']","['PROPN', 'NOUN', 'NOUN', 'NOUN', 'NOUN', 'NOUN', 'VERB', 'VERB', 'AUX', 'PUNCT']",10,10,True,बागमती प्रदेश सरकारले सडक सुधार योजना लागू गरेको छ ।
"राष्ट्रिय, पत्रकार, संघ, ले, पत्रकार, सम्मेलन, आयोजना, गर्यो, ।","ADJ, NOUN, NOUN, ADP, NOUN, NOUN, NOUN, VERB, PUNCT","['राष्ट्रिय', 'पत्रकार', 'संघ', 'ले', 'पत्रकार', 'सम्मेलन', 'आयोजना', 'गर्यो', '।']","['ADJ', 'NOUN', 'NOUN', 'ADP', 'NOUN', 'NOUN', 'NOUN', 'VERB', 'PUNCT']",9,9,True,राष्ट्रिय पत्रकार संघ ले पत्रकार सम्मेलन आयोजना गर्यो ।
"वीरगन्ज, मा, नयाँ, मल्टीस्पेस, कम्प्लेक्स, सञ्चालन, मा, आएको, छ, ।","PROPN, ADP, ADJ, NOUN, NOUN, NOUN, ADP, VERB, AUX, PUNCT","['वीरगन्ज', 'मा', 'नयाँ', 'मल्टीस्पेस', 'कम्प्लेक्स', 'सञ्चालन', 'मा', 'आएको', 'छ', '।']","['PROPN', 'ADP', 'ADJ', 'NOUN', 'NOUN', 'NOUN', 'ADP', 'VERB', 'AUX', 'PUNCT']",10,10,True,वीरगन्ज मा नयाँ मल्टीस्पेस कम्प्लेक्स सञ्चालन मा आएको छ ।
"प्रधानमन्त्री, ले, अन्तर्राष्ट्रिय, सम्मेलन, मा, प्रतिनिधि, पठाउने, निर्णय, गरे, ।","PROPN, ADP, ADJ, NOUN, ADP, NOUN, VERB, NOUN, VERB, PUNCT","['प्रधानमन्त्री', 'ले', 'अन्तर्राष्ट्रिय', 'सम्मेलन', 'मा', 'प्रतिनिधि', 'पठाउने', 'निर्णय', 'गरे', '।']","['PROPN', 'ADP', 'ADJ', 'NOUN', 'ADP', 'NOUN', 'VERB', 'NOUN', 'VERB', 'PUNCT']",10,10,True,प्रधानमन्त्री ले अन्तर्राष्ट्रिय सम्मेलन मा प्रतिनिधि पठाउने निर्णय गरे ।
"नेपाल, रेडक्रस, सोसाइटी, ले, राहत, वितरण, कार्य, सुरु, गरेको, छ, ।","PROPN, PROPN, PROPN, ADP, NOUN, NOUN, NOUN, VERB, VERB, AUX, PUNCT","['नेपाल', 'रेडक्रस', 'सोसाइटी', 'ले', 'राहत', 'वितरण', 'कार्य', 'सुरु', 'गरेको', 'छ', '।']","['PROPN', 'PROPN', 'PROPN', 'ADP', 'NOUN', 'NOUN', 'NOUN', 'VERB', 'VERB', 'AUX', 'PUNCT']",11,11,True,नेपाल रेडक्रस सोसाइटी ले राहत वितरण कार्य सुरु गरेको छ ।
"राष्ट्रियसभा, सदस्य, हरू, द्वारा, सामाजिक, नीति, समीक्षा, गरिएको, छ, ।","PROPN, NOUN, NOUN, ADP, ADJ, NOUN, NOUN, VERB, AUX, PUNCT","['राष्ट्रियसभा', 'सदस्य', 'हरू', 'द्वारा', 'सामाजिक', 'नीति', 'समीक्षा', 'गरिएको', 'छ', '।']","['PROPN', 'NOUN', 'NOUN', 'ADP', 'ADJ', 'NOUN', 'NOUN', 'VERB', 'AUX', 'PUNCT']",10,10,True,राष्ट्रियसभा सदस्य हरू द्वारा सामाजिक नीति समीक्षा गरिएको छ ।
"काठमाडौँ,ललितपुर, सवारी, सुधार, अभियान, सुरु, भएको, छ, ।","PROPN,PROPN, NOUN, NOUN, NOUN, VERB, AUX, AUX, PUNCT","['काठमाडौँ', 'ललितपुर', 'सवारी', 'सुधार', 'अभियान', 'सुरु', 'भएको', 'छ', '।']","['PROPN', 'PROPN', 'NOUN', 'NOUN', 'NOUN', 'VERB', 'AUX', 'AUX', 'PUNCT']",9,9,True,काठमाडौँ ललितपुर सवारी सुधार अभियान सुरु भएको छ ।
"राष्ट्रिय, जनगणना, आगामी, असार, मा, सञ्चालन, हुने, भएको, छ, ।","ADJ, NOUN, ADJ, PROPN, ADP, VERB, VERB, AUX, AUX, PUNCT","['राष्ट्रिय', 'जनगणना', 'आगामी', 'असार', 'मा', 'सञ्चालन', 'हुने', 'भएको', 'छ', '।']","['ADJ', 'NOUN', 'ADJ', 'PROPN', 'ADP', 'VERB', 'VERB', 'AUX', 'AUX', 'PUNCT']",10,10,True,राष्ट्रिय जनगणना आगामी असार मा सञ्चालन हुने भएको छ ।
"नेपाल, पर्यटन, बोर्ड, ले, पोखरा, मा, नयाँ, होटेल, प्रमोशन, सुरु, गरेको, छ, ।","PROPN, NOUN, NOUN, ADP, PROPN, ADP, ADJ, NOUN, NOUN, VERB, VERB, AUX, PUNCT","['नेपाल', 'पर्यटन', 'बोर्ड', 'ले', 'पोखरा', 'मा', 'नयाँ', 'होटेल', 'प्रमोशन', 'सुरु', 'गरेको', 'छ', '।']","['PROPN', 'NOUN', 'NOUN', 'ADP', 'PROPN', 'ADP', 'ADJ', 'NOUN', 'NOUN', 'VERB', 'VERB', 'AUX', 'PUNCT']",13,13,True,नेपाल पर्यटन बोर्ड ले पोखरा मा नयाँ होटेल प्रमोशन सुरु गरेको छ ।
"मीरा, हुम्ला, जिल्ला, को, ट्रेकिङ, मा, गइन्, ।","PROPN, PROPN, NOUN, ADP, NOUN, ADP, VERB, PUNCT","['मीरा', 'हुम्ला', 'जिल्ला', 'को', 'ट्रेकिङ', 'मा', 'गइन्', '।']","['PROPN', 'PROPN', 'NOUN', 'ADP', 'NOUN', 'ADP', 'VERB', 'PUNCT']",8,8,True,मीरा हुम्ला जिल्ला को ट्रेकिङ मा गइन् ।
"अनिश, काठमाडौँ, को, भृकुटीमण्डप, मा, मेलामा, छ, ।","PROPN, PROPN, ADP, PROPN, ADP, NOUN, AUX, PUNCT","['अनिश', 'काठमाडौँ', 'को', 'भृकुटीमण्डप', 'मा', 'मेलामा', 'छ', '।']","['PROPN', 'PROPN', 'ADP', 'PROPN', 'ADP', 'NOUN', 'AUX', 'PUNCT']",8,8,True,अनिश काठमाडौँ को भृकुटीमण्डप मा मेलामा छ ।
"सञ्जय, विराटनगर, को, सांस्कृतिक, स्थल, घुम्दैछ, ।","PROPN, PROPN, ADP, ADJ, NOUN, VERB, PUNCT","['सञ्जय', 'विराटनगर', 'को', 'सांस्कृतिक', 'स्थल', 'घुम्दैछ', '।']","['PROPN', 'PROPN', 'ADP', 'ADJ', 'NOUN', 'VERB', 'PUNCT']",7,7,True,सञ्जय विराटनगर को सांस्कृतिक स्थल घुम्दैछ ।
"रुविना, धनगढी, बजार, मा, किनमेल, गर्दैछिन्, ।","PROPN, PROPN, NOUN, ADP, VERB, VERB, PUNCT","['रुविना', 'धनगढी', 'बजार', 'मा', 'किनमेल', 'गर्दैछिन्', '।']","['PROPN', 'PROPN', 'NOUN', 'ADP', 'VERB', 'VERB', 'PUNCT']",7,7,True,रुविना धनगढी बजार मा किनमेल गर्दैछिन् ।
"कबिर, बुटवल, को, नयाँ, रेस्टुरेन्ट, मा, पुगे, ।","PROPN, PROPN, ADP, ADJ, NOUN, ADP, VERB, PUNCT","['कबिर', 'बुटवल', 'को', 'नयाँ', 'रेस्टुरेन्ट', 'मा', 'पुगे', '।']","['PROPN', 'PROPN', 'ADP', 'ADJ', 'NOUN', 'ADP', 'VERB', 'PUNCT']",8,8,True,कबिर बुटवल को नयाँ रेस्टुरेन्ट मा पुगे ।
"अञ्जली, पोखरा, को, माउन्टेन, म्यूजियम, मा, घुम्दैछिन्, ।","PROPN, PROPN, ADP, PROPN, PROPN, ADP, VERB, PUNCT","['अञ्जली', 'पोखरा', 'को', 'माउन्टेन', 'म्यूजियम', 'मा', 'घुम्दैछिन्', '।']","['PROPN', 'PROPN', 'ADP', 'PROPN', 'PROPN', 'ADP', 'VERB', 'PUNCT']",8,8,True,अञ्जली पोखरा को माउन्टेन म्यूजियम मा घुम्दैछिन् ।
"सुमन, ललितपुर, को, हनुमानढोका, दरबार, भ्रमण, मा, छ, ।","PROPN, PROPN, ADP, PROPN, NOUN, NOUN, ADP, AUX, PUNCT","['सुमन', 'ललितपुर', 'को', 'हनुमानढोका', 'दरबार', 'भ्रमण', 'मा', 'छ', '।']","['PROPN', 'PROPN', 'ADP', 'PROPN', 'NOUN', 'NOUN', 'ADP', 'AUX', 'PUNCT']",9,9,True,सुमन ललितपुर को हनुमानढोका दरबार भ्रमण मा छ ।
"राधा, जनकपुरधाम, को, मिथिला, मन्दिर, मा, दर्शन, गर्न, गइन्, ।","PROPN, PROPN, ADP, ADJ, NOUN, ADP, VERB, VERB, VERB, PUNCT","['राधा', 'जनकपुरधाम', 'को', 'मिथिला', 'मन्दिर', 'मा', 'दर्शन', 'गर्न', 'गइन्', '।']","['PROPN', 'PROPN', 'ADP', 'ADJ', 'NOUN', 'ADP', 'VERB', 'VERB', 'VERB', 'PUNCT']",10,10,True,राधा जनकपुरधाम को मिथिला मन्दिर मा दर्शन गर्न गइन् ।
"अर्जुन, एभरेस्ट, हाइकिङ, ट्रेल, मा, छ, ।","PROPN, PROPN, NOUN, NOUN, ADP, AUX, PUNCT","['अर्जुन', 'एभरेस्ट', 'हाइकिङ', 'ट्रेल', 'मा', 'छ', '।']","['PROPN', 'PROPN', 'NOUN', 'NOUN', 'ADP', 'AUX', 'PUNCT']",7,7,True,अर्जुन एभरेस्ट हाइकिङ ट्रेल मा छ ।
"सुष्मिता, नाम्चे, बजार, को, होटेल, मा, बस्दैछिन्, ।","PROPN, PROPN, NOUN, ADP, NOUN, ADP, VERB, PUNCT","['सुष्मिता', 'नाम्चे', 'बजार', 'को', 'होटेल', 'मा', 'बस्दैछिन्', '।']","['PROPN', 'PROPN', 'NOUN', 'ADP', 'NOUN', 'ADP', 'VERB', 'PUNCT']",8,8,True,सुष्मिता नाम्चे बजार को होटेल मा बस्दैछिन् ।
"दीपक, बागमती, प्रदेश, को, राजधानी, भ्रमण, गर्दैछ, ।","PROPN, PROPN, NOUN, ADP, NOUN, NOUN, VERB, PUNCT","['दीपक', 'बागमती', 'प्रदेश', 'को', 'राजधानी', 'भ्रमण', 'गर्दैछ', '।']","['PROPN', 'PROPN', 'NOUN', 'ADP', 'NOUN', 'NOUN', 'VERB', 'PUNCT']",8,8,True,दीपक बागमती प्रदेश को राजधानी भ्रमण गर्दैछ ।
"प्रज्ञा, कास्की, को, फेवा, ताल, को, भ्रमण, मा, छिन्, ।","PROPN, PROPN, ADP, PROPN, NOUN, ADP, NOUN, ADP, AUX, PUNCT","['प्रज्ञा', 'कास्की', 'को', 'फेवा', 'ताल', 'को', 'भ्रमण', 'मा', 'छिन्', '।']","['PROPN', 'PROPN', 'ADP', 'PROPN', 'NOUN', 'ADP', 'NOUN', 'ADP', 'AUX', 'PUNCT']",10,10,True,प्रज्ञा कास्की को फेवा ताल को भ्रमण मा छिन् ।
"विवेक, धरान, को, मेची, नदी, किनार, मा, पुगे, ।","PROPN, PROPN, ADP, PROPN, NOUN, NOUN, ADP, VERB, PUNCT","['विवेक', 'धरान', 'को', 'मेची', 'नदी', 'किनार', 'मा', 'पुगे', '।']","['PROPN', 'PROPN', 'ADP', 'PROPN', 'NOUN', 'NOUN', 'ADP', 'VERB', 'PUNCT']",9,9,True,विवेक धरान को मेची नदी किनार मा पुगे ।
"अर्पण, हेटौँडा, को, क्याम्पस, भ्रमण, गर्दैछ, ।","PROPN, PROPN, ADP, NOUN, NOUN, VERB, PUNCT","['अर्पण', 'हेटौँडा', 'को', 'क्याम्पस', 'भ्रमण', 'गर्दैछ', '।']","['PROPN', 'PROPN', 'ADP', 'NOUN', 'NOUN', 'VERB', 'PUNCT']",7,7,True,अर्पण हेटौँडा को क्याम्पस भ्रमण गर्दैछ ।
"कविता, लुम्बिनी, मा, बौद्ध, स्तूप, घुम्न, गइन्, ।","PROPN, PROPN, ADP, ADJ, NOUN, VERB, VERB, PUNCT","['कविता', 'लुम्बिनी', 'मा', 'बौद्ध', 'स्तूप', 'घुम्न', 'गइन्', '।']","['PROPN', 'PROPN', 'ADP', 'ADJ', 'NOUN', 'VERB', 'VERB', 'PUNCT']",8,8,True,कविता लुम्बिनी मा बौद्ध स्तूप घुम्न गइन् ।
"सञ्जना, पोखरा, को, लेकसाइड, होटल, मा, छिन्, ।","PROPN, PROPN, ADP, PROPN, NOUN, ADP, AUX, PUNCT","['सञ्जना', 'पोखरा', 'को', 'लेकसाइड', 'होटल', 'मा', 'छिन्', '।']","['PROPN', 'PROPN', 'ADP', 'PROPN', 'NOUN', 'ADP', 'AUX', 'PUNCT']",8,8,True,सञ्जना पोखरा को लेकसाइड होटल मा छिन् ।
"किरण, बुटवल, को, व्यापारिक, बजार, मा, भेटियो, ।","PROPN, PROPN, ADP, ADJ, NOUN, ADP, VERB, PUNCT","['किरण', 'बुटवल', 'को', 'व्यापारिक', 'बजार', 'मा', 'भेटियो', '।']","['PROPN', 'PROPN', 'ADP', 'ADJ', 'NOUN', 'ADP', 'VERB', 'PUNCT']",8,8,True,किरण बुटवल को व्यापारिक बजार मा भेटियो ।
"मनिष, ललितपुर, को, दरबार, स्क्वायर, घुम्दैछ, ।","PROPN, PROPN, ADP, NOUN, NOUN, VERB, PUNCT","['मनिष', 'ललितपुर', 'को', 'दरबार', 'स्क्वायर', 'घुम्दैछ', '।']","['PROPN', 'PROPN', 'ADP', 'NOUN', 'NOUN', 'VERB', 'PUNCT']",7,7,True,मनिष ललितपुर को दरबार स्क्वायर घुम्दैछ ।
"अजय, भक्तपुर, को, भक्तपुर, दरबार, भ्रमण, मा, छ, ।","PROPN, PROPN, ADP, PROPN, NOUN, NOUN, ADP, AUX, PUNCT","['अजय', 'भक्तपुर', 'को', 'भक्तपुर', 'दरबार', 'भ्रमण', 'मा', 'छ', '।']","['PROPN', 'PROPN', 'ADP', 'PROPN', 'NOUN', 'NOUN', 'ADP', 'AUX', 'PUNCT']",9,9,True,अजय भक्तपुर को भक्तपुर दरबार भ्रमण मा छ ।
"सीमा, धरान, को, मेडिकल, कलेज, जाँच, गर्दैछिन्, ।","PROPN, PROPN, ADP, ADJ, NOUN, NOUN, VERB, PUNCT","['सीमा', 'धरान', 'को', 'मेडिकल', 'कलेज', 'जाँच', 'गर्दैछिन्', '।']","['PROPN', 'PROPN', 'ADP', 'ADJ', 'NOUN', 'NOUN', 'VERB', 'PUNCT']",8,8,True,सीमा धरान को मेडिकल कलेज जाँच गर्दैछिन् ।
"दैलेख, मध्यपहाडी, क्षेत्रमा, अवस्थित, जिल्ला, हो, ।","PROPN, ADJ, NOUN, VERB, NOUN, AUX, PUNCT","['दैलेख', 'मध्यपहाडी', 'क्षेत्रमा', 'अवस्थित', 'जिल्ला', 'हो', '।']","['PROPN', 'ADJ', 'NOUN', 'VERB', 'NOUN', 'AUX', 'PUNCT']",7,7,True,दैलेख मध्यपहाडी क्षेत्रमा अवस्थित जिल्ला हो ।
"कञ्चनपुर, सुदूरपश्चिम, को, तराई, भाग, मा, पर्छ, ।","PROPN, PROPN, ADP, NOUN, NOUN, ADP, VERB, PUNCT","['कञ्चनपुर', 'सुदूरपश्चिम', 'को', 'तराई', 'भाग', 'मा', 'पर्छ', '।']","['PROPN', 'PROPN', 'ADP', 'NOUN', 'NOUN', 'ADP', 'VERB', 'PUNCT']",8,8,True,कञ्चनपुर सुदूरपश्चिम को तराई भाग मा पर्छ ।
"घोडाघोडी, ताल, पर्यटकीय, आकर्षण, को, केन्द्र, हो, ।","PROPN, NOUN, ADJ, NOUN, ADP, NOUN, AUX, PUNCT","['घोडाघोडी', 'ताल', 'पर्यटकीय', 'आकर्षण', 'को', 'केन्द्र', 'हो', '।']","['PROPN', 'NOUN', 'ADJ', 'NOUN', 'ADP', 'NOUN', 'AUX', 'PUNCT']",8,8,True,घोडाघोडी ताल पर्यटकीय आकर्षण को केन्द्र हो ।
"अछाम, पहाडी, भू–संरचनाले, परिचित, छ, ।","PROPN, ADJ, NOUN, ADJ, AUX, PUNCT","['अछाम', 'पहाडी', 'भू–संरचनाले', 'परिचित', 'छ', '।']","['PROPN', 'ADJ', 'NOUN', 'ADJ', 'AUX', 'PUNCT']",6,6,True,अछाम पहाडी भू–संरचनाले परिचित छ ।
"रिडी, धार्मिक, स्नान, का, लागि, प्रसिद्ध, स्थान, हो, ।","PROPN, ADJ, NOUN, ADP, ADP, ADJ, NOUN, AUX, PUNCT","['रिडी', 'धार्मिक', 'स्नान', 'का', 'लागि', 'प्रसिद्ध', 'स्थान', 'हो', '।']","['PROPN', 'ADJ', 'NOUN', 'ADP', 'ADP', 'ADJ', 'NOUN', 'AUX', 'PUNCT']",9,9,True,रिडी धार्मिक स्नान का लागि प्रसिद्ध स्थान हो ।
"तानसेन, दरबार, ऐतिहासिक, महत्व, बोकेको, संरचना, हो, ।","PROPN, NOUN, ADJ, NOUN, VERB, NOUN, AUX, PUNCT","['तानसेन', 'दरबार', 'ऐतिहासिक', 'महत्व', 'बोकेको', 'संरचना', 'हो', '।']","['PROPN', 'NOUN', 'ADJ', 'NOUN', 'VERB', 'NOUN', 'AUX', 'PUNCT']",8,8,True,तानसेन दरबार ऐतिहासिक महत्व बोकेको संरचना हो ।
"हुम्ला, नेपाल, को, सबैभन्दा, दुर्गम, जिल्ला, मध्ये, एक, हो, ।","PROPN, PROPN, ADP, ADV, ADJ, NOUN, ADP, NUM, AUX, PUNCT","['हुम्ला', 'नेपाल', 'को', 'सबैभन्दा', 'दुर्गम', 'जिल्ला', 'मध्ये', 'एक', 'हो', '।']","['PROPN', 'PROPN', 'ADP', 'ADV', 'ADJ', 'NOUN', 'ADP', 'NUM', 'AUX', 'PUNCT']",10,10,True,हुम्ला नेपाल को सबैभन्दा दुर्गम जिल्ला मध्ये एक हो ।
"कोशी, नदी, पूर्वी, नेपाल, मा, बग्ने, प्रमुख, नदी, हो, ।","PROPN, NOUN, ADJ, PROPN, ADP, VERB, ADJ, NOUN, AUX, PUNCT","['कोशी', 'नदी', 'पूर्वी', 'नेपाल', 'मा', 'बग्ने', 'प्रमुख', 'नदी', 'हो', '।']","['PROPN', 'NOUN', 'ADJ', 'PROPN', 'ADP', 'VERB', 'ADJ', 'NOUN', 'AUX', 'PUNCT']",10,10,True,कोशी नदी पूर्वी नेपाल मा बग्ने प्रमुख नदी हो ।
"मनाङ, हिमाली, पर्यटन, का, लागि, परिचित, छ, ।","PROPN, ADJ, NOUN, ADP, ADP, ADJ, AUX, PUNCT","['मनाङ', 'हिमाली', 'पर्यटन', 'का', 'लागि', 'परिचित', 'छ', '।']","['PROPN', 'ADJ', 'NOUN', 'ADP', 'ADP', 'ADJ', 'AUX', 'PUNCT']",8,8,True,मनाङ हिमाली पर्यटन का लागि परिचित छ ।
"बागमती, नदी, काठमाडौँ, उपत्यकाबाट, बग्छ, ।","PROPN, NOUN, PROPN, NOUN, VERB, PUNCT","['बागमती', 'नदी', 'काठमाडौँ', 'उपत्यकाबाट', 'बग्छ', '।']","['PROPN', 'NOUN', 'PROPN', 'NOUN', 'VERB', 'PUNCT']",6,6,True,बागमती नदी काठमाडौँ उपत्यकाबाट बग्छ ।
"पर्सा, राष्ट्रिय, निकुञ्ज, तराई, क्षेत्रमा, अवस्थित, छ, ।","PROPN, ADJ, NOUN, NOUN, NOUN, VERB, AUX, PUNCT","['पर्सा', 'राष्ट्रिय', 'निकुञ्ज', 'तराई', 'क्षेत्रमा', 'अवस्थित', 'छ', '।']","['PROPN', 'ADJ', 'NOUN', 'NOUN', 'NOUN', 'VERB', 'AUX', 'PUNCT']",8,8,True,पर्सा राष्ट्रिय निकुञ्ज तराई क्षेत्रमा अवस्थित छ ।
"ललिता, निवास, काठमाडौँ, को, ऐतिहासिक, क्षेत्र, हो, ।","PROPN, NOUN, PROPN, ADP, ADJ, NOUN, AUX, PUNCT","['ललिता', 'निवास', 'काठमाडौँ', 'को', 'ऐतिहासिक', 'क्षेत्र', 'हो', '।']","['PROPN', 'NOUN', 'PROPN', 'ADP', 'ADJ', 'NOUN', 'AUX', 'PUNCT']",8,8,True,ललिता निवास काठमाडौँ को ऐतिहासिक क्षेत्र हो ।
"चौतारा, सिन्धुपाल्चोक, जिल्लाको, सदरमुकाम, हो, ।","PROPN, PROPN, NOUN, NOUN, AUX, PUNCT","['चौतारा', 'सिन्धुपाल्चोक', 'जिल्लाको', 'सदरमुकाम', 'हो', '।']","['PROPN', 'PROPN', 'NOUN', 'NOUN', 'AUX', 'PUNCT']",6,6,True,चौतारा सिन्धुपाल्चोक जिल्लाको सदरमुकाम हो ।
"अमरगढी, डडेलधुरा, को, प्रमुख, सहर, हो, ।","PROPN, PROPN, ADP, ADJ, NOUN, AUX, PUNCT","['अमरगढी', 'डडेलधुरा', 'को', 'प्रमुख', 'सहर', 'हो', '।']","['PROPN', 'PROPN', 'ADP', 'ADJ', 'NOUN', 'AUX', 'PUNCT']",7,7,True,अमरगढी डडेलधुरा को प्रमुख सहर हो ।
"अरुण, नदी, पूर्वी, हिमाली, क्षेत्रबाट, बग्छ, ।","PROPN, NOUN, ADJ, ADJ, NOUN, VERB, PUNCT","['अरुण', 'नदी', 'पूर्वी', 'हिमाली', 'क्षेत्रबाट', 'बग्छ', '।']","['PROPN', 'NOUN', 'ADJ', 'ADJ', 'NOUN', 'VERB', 'PUNCT']",7,7,True,अरुण नदी पूर्वी हिमाली क्षेत्रबाट बग्छ ।
"गोक्यो, ताल, सगरमाथा, क्षेत्रभित्र, पर्छ, ।","PROPN, NOUN, PROPN, NOUN, VERB, PUNCT","['गोक्यो', 'ताल', 'सगरमाथा', 'क्षेत्रभित्र', 'पर्छ', '।']","['PROPN', 'NOUN', 'PROPN', 'NOUN', 'VERB', 'PUNCT']",6,6,True,गोक्यो ताल सगरमाथा क्षेत्रभित्र पर्छ ।
"बारपाक, भूकम्पपछिको, पुनर्निर्माण, का, लागि, चिनिन्छ, ।","PROPN, ADJ, NOUN, ADP, ADP, VERB, PUNCT","['बारपाक', 'भूकम्पपछिको', 'पुनर्निर्माण', 'का', 'लागि', 'चिनिन्छ', '।']","['PROPN', 'ADJ', 'NOUN', 'ADP', 'ADP', 'VERB', 'PUNCT']",7,7,True,बारपाक भूकम्पपछिको पुनर्निर्माण का लागि चिनिन्छ ।
"महाभारत, पर्वतमाला, नेपाल, को, मध्य, भाग, मा, फैलिएको, छ, ।","PROPN, NOUN, PROPN, ADP, ADJ, NOUN, ADP, VERB, AUX, PUNCT","['महाभारत', 'पर्वतमाला', 'नेपाल', 'को', 'मध्य', 'भाग', 'मा', 'फैलिएको', 'छ', '।']","['PROPN', 'NOUN', 'PROPN', 'ADP', 'ADJ', 'NOUN', 'ADP', 'VERB', 'AUX', 'PUNCT']",10,10,True,महाभारत पर्वतमाला नेपाल को मध्य भाग मा फैलिएको छ ।
"कुस्मा, बजार, पर्वत, जिल्लाको, व्यापारिक, केन्द्र, हो, ।","PROPN, NOUN, NOUN, ADJ, ADJ, NOUN, AUX, PUNCT","['कुस्मा', 'बजार', 'पर्वत', 'जिल्लाको', 'व्यापारिक', 'केन्द्र', 'हो', '।']","['PROPN', 'NOUN', 'NOUN', 'ADJ', 'ADJ', 'NOUN', 'AUX', 'PUNCT']",8,8,True,कुस्मा बजार पर्वत जिल्लाको व्यापारिक केन्द्र हो ।
"राष्ट्रपति, दिपा, खनाल, ले, नयाँ, शिक्षा, नीति, सार्वजनिक, गरे, ।","NOUN, PROPN, PROPN, ADP, ADJ, NOUN, NOUN, VERB, VERB, PUNCT","['राष्ट्रपति', 'दिपा', 'खनाल', 'ले', 'नयाँ', 'शिक्षा', 'नीति', 'सार्वजनिक', 'गरे', '।']","['NOUN', 'PROPN', 'PROPN', 'ADP', 'ADJ', 'NOUN', 'NOUN', 'VERB', 'VERB', 'PUNCT']",10,10,True,राष्ट्रपति दिपा खनाल ले नयाँ शिक्षा नीति सार्वजनिक गरे ।
"प्रधानमन्त्री, शेरबहादुर, देउवाले, आर्थिक, सुधार, कार्यक्रममा, सहभागी, भए, ।","PROPN, PROPN, PROPN, ADJ, NOUN, NOUN, ADJ, VERB, PUNCT","['प्रधानमन्त्री', 'शेरबहादुर', 'देउवाले', 'आर्थिक', 'सुधार', 'कार्यक्रममा', 'सहभागी', 'भए', '।']","['PROPN', 'PROPN', 'PROPN', 'ADJ', 'NOUN', 'NOUN', 'ADJ', 'VERB', 'PUNCT']",9,9,True,प्रधानमन्त्री शेरबहादुर देउवाले आर्थिक सुधार कार्यक्रममा सहभागी भए ।
"काठमाडौं, मा, नयाँ, अन्तर्राष्ट्रिय, व्यापार, मेला, सुरु, भएको, छ, ।","PROPN, ADP, ADJ, ADJ, NOUN, NOUN, VERB, AUX, AUX, PUNCT","['काठमाडौं', 'मा', 'नयाँ', 'अन्तर्राष्ट्रिय', 'व्यापार', 'मेला', 'सुरु', 'भएको', 'छ', '।']","['PROPN', 'ADP', 'ADJ', 'ADJ', 'NOUN', 'NOUN', 'VERB', 'AUX', 'AUX', 'PUNCT']",10,10,True,काठमाडौं मा नयाँ अन्तर्राष्ट्रिय व्यापार मेला सुरु भएको छ ।
"नेपाली, कांग्रेस, ले, आगामी, प्रदेश, निर्वाचन, को, तयारी, गरेको, छ, ।","ADJ, PROPN, ADP, ADJ, NOUN, NOUN, ADP, NOUN, VERB, AUX, PUNCT","['नेपाली', 'कांग्रेस', 'ले', 'आगामी', 'प्रदेश', 'निर्वाचन', 'को', 'तयारी', 'गरेको', 'छ', '।']","['ADJ', 'PROPN', 'ADP', 'ADJ', 'NOUN', 'NOUN', 'ADP', 'NOUN', 'VERB', 'AUX', 'PUNCT']",11,11,True,नेपाली कांग्रेस ले आगामी प्रदेश निर्वाचन को तयारी गरेको छ ।
"जिल्ला, प्रशासन, कार्यालय, भक्तपुर, ले, आपतकालीन, आदेश, जारी, गर्यो, ।","NOUN, NOUN, NOUN, PROPN, ADP, ADJ, NOUN, VERB, VERB, PUNCT","['जिल्ला', 'प्रशासन', 'कार्यालय', 'भक्तपुर', 'ले', 'आपतकालीन', 'आदेश', 'जारी', 'गर्यो', '।']","['NOUN', 'NOUN', 'NOUN', 'PROPN', 'ADP', 'ADJ', 'NOUN', 'VERB', 'VERB', 'PUNCT']",10,10,True,जिल्ला प्रशासन कार्यालय भक्तपुर ले आपतकालीन आदेश जारी गर्यो ।
"स्वास्थ्य, मन्त्रालय, ले, २५, फेब्रुअरीदेखि, नयाँ, खोप, अभियान, सुरु, गर्ने, निर्णय, गर्यो, ।","NOUN, NOUN, ADP, NUM, PROPN, ADJ, NOUN, NOUN, VERB, VERB, NOUN, VERB, PUNCT","['स्वास्थ्य', 'मन्त्रालय', 'ले', '२५', 'फेब्रुअरीदेखि', 'नयाँ', 'खोप', 'अभियान', 'सुरु', 'गर्ने', 'निर्णय', 'गर्यो', '।']","['NOUN', 'NOUN', 'ADP', 'NUM', 'PROPN', 'ADJ', 'NOUN', 'NOUN', 'VERB', 'VERB', 'NOUN', 'VERB', 'PUNCT']",13,13,True,स्वास्थ्य मन्त्रालय ले २५ फेब्रुअरीदेखि नयाँ खोप अभियान सुरु गर्ने निर्णय गर्यो ।
"नेपाल, प्रहरी, कार्यालय, धरान, ले, सुरक्षा, सुधार, अभियान, सुरु, गरेको, छ, ।","PROPN, NOUN, NOUN, PROPN, ADP, NOUN, NOUN, NOUN, VERB, VERB, AUX, PUNCT","['नेपाल', 'प्रहरी', 'कार्यालय', 'धरान', 'ले', 'सुरक्षा', 'सुधार', 'अभियान', 'सुरु', 'गरेको', 'छ', '।']","['PROPN', 'NOUN', 'NOUN', 'PROPN', 'ADP', 'NOUN', 'NOUN', 'NOUN', 'VERB', 'VERB', 'AUX', 'PUNCT']",12,12,True,नेपाल प्रहरी कार्यालय धरान ले सुरक्षा सुधार अभियान सुरु गरेको छ ।
"पोखरा, मा, नयाँ, अन्तर्राष्ट्रिय, सम्मेलन, आयोजना, गरियो, ।","PROPN, ADP, ADJ, ADJ, NOUN, NOUN, VERB, PUNCT","['पोखरा', 'मा', 'नयाँ', 'अन्तर्राष्ट्रिय', 'सम्मेलन', 'आयोजना', 'गरियो', '।']","['PROPN', 'ADP', 'ADJ', 'ADJ', 'NOUN', 'NOUN', 'VERB', 'PUNCT']",8,8,True,पोखरा मा नयाँ अन्तर्राष्ट्रिय सम्मेलन आयोजना गरियो ।
"शिक्षा, मन्त्रालय, ले, नयाँ, पाठ्यपुस्तक, वितरण, कार्यक्रम, सुरु, गरेको, छ, ।","NOUN, NOUN, ADP, ADJ, NOUN, NOUN, NOUN, VERB, VERB, AUX, PUNCT","['शिक्षा', 'मन्त्रालय', 'ले', 'नयाँ', 'पाठ्यपुस्तक', 'वितरण', 'कार्यक्रम', 'सुरु', 'गरेको', 'छ', '।']","['NOUN', 'NOUN', 'ADP', 'ADJ', 'NOUN', 'NOUN', 'NOUN', 'VERB', 'VERB', 'AUX', 'PUNCT']",11,11,True,शिक्षा मन्त्रालय ले नयाँ पाठ्यपुस्तक वितरण कार्यक्रम सुरु गरेको छ ।
"काठमाडौं, महानगरपालिकाले, सडक, मर्मत, योजना, सुरु, गरेको, छ, ।","PROPN, NOUN, NOUN, NOUN, NOUN, VERB, VERB, AUX, PUNCT","['काठमाडौं', 'महानगरपालिकाले', 'सडक', 'मर्मत', 'योजना', 'सुरु', 'गरेको', 'छ', '।']","['PROPN', 'NOUN', 'NOUN', 'NOUN', 'NOUN', 'VERB', 'VERB', 'AUX', 'PUNCT']",9,9,True,काठमाडौं महानगरपालिकाले सडक मर्मत योजना सुरु गरेको छ ।
"नेपाल, लाइफ, इन्स्योरेन्स, ले, नयाँ, बीमा, योजना, सार्वजनिक, गरेको, छ, ।","PROPN, PROPN, PROPN, ADP, ADJ, NOUN, NOUN, VERB, VERB, AUX, PUNCT","['नेपाल', 'लाइफ', 'इन्स्योरेन्स', 'ले', 'नयाँ', 'बीमा', 'योजना', 'सार्वजनिक', 'गरेको', 'छ', '।']","['PROPN', 'PROPN', 'PROPN', 'ADP', 'ADJ', 'NOUN', 'NOUN', 'VERB', 'VERB', 'AUX', 'PUNCT']",11,11,True,नेपाल लाइफ इन्स्योरेन्स ले नयाँ बीमा योजना सार्वजनिक गरेको छ ।
"राष्ट्रिय, खेलकुद, परिषद्ले, नयाँ, खेलकुद, प्रतियोगिता, घोषणा, गरेको, छ, ।","ADJ, NOUN, NOUN, ADJ, NOUN, NOUN, NOUN, VERB, AUX, PUNCT","['राष्ट्रिय', 'खेलकुद', 'परिषद्ले', 'नयाँ', 'खेलकुद', 'प्रतियोगिता', 'घोषणा', 'गरेको', 'छ', '।']","['ADJ', 'NOUN', 'NOUN', 'ADJ', 'NOUN', 'NOUN', 'NOUN', 'VERB', 'AUX', 'PUNCT']",10,10,True,राष्ट्रिय खेलकुद परिषद्ले नयाँ खेलकुद प्रतियोगिता घोषणा गरेको छ ।
"वीरगन्ज, मा, नयाँ, व्यापारिक, कम्प्लेक्स, उद्घाटन, भयो, ।","PROPN, ADP, ADJ, ADJ, NOUN, NOUN, AUX, PUNCT","['वीरगन्ज', 'मा', 'नयाँ', 'व्यापारिक', 'कम्प्लेक्स', 'उद्घाटन', 'भयो', '।']","['PROPN', 'ADP', 'ADJ', 'ADJ', 'NOUN', 'NOUN', 'AUX', 'PUNCT']",8,8,True,वीरगन्ज मा नयाँ व्यापारिक कम्प्लेक्स उद्घाटन भयो ।
"भारतीय, दूतावास, ले, काठमाडौं, मा, नयाँ, सांस्कृतिक, कार्यक्रम, आयोजना, गर्यो, ।","ADJ, NOUN, ADP, PROPN, ADP, ADJ, ADJ, NOUN, NOUN, VERB, PUNCT","['भारतीय', 'दूतावास', 'ले', 'काठमाडौं', 'मा', 'नयाँ', 'सांस्कृतिक', 'कार्यक्रम', 'आयोजना', 'गर्यो', '।']","['ADJ', 'NOUN', 'ADP', 'PROPN', 'ADP', 'ADJ', 'ADJ', 'NOUN', 'NOUN', 'VERB', 'PUNCT']",11,11,True,भारतीय दूतावास ले काठमाडौं मा नयाँ सांस्कृतिक कार्यक्रम आयोजना गर्यो ।
"राष्ट्रिय, योजना, आयोगले, २०७९/८०, को, बजेट, प्रस्तुति, गरेको, छ, ।","ADJ, NOUN, NOUN, NUM, ADP, NOUN, NOUN, VERB, AUX, PUNCT","['राष्ट्रिय', 'योजना', 'आयोगले', '२०७९/८०', 'को', 'बजेट', 'प्रस्तुति', 'गरेको', 'छ', '।']","['ADJ', 'NOUN', 'NOUN', 'NUM', 'ADP', 'NOUN', 'NOUN', 'VERB', 'AUX', 'PUNCT']",10,10,True,राष्ट्रिय योजना आयोगले २०७९/८० को बजेट प्रस्तुति गरेको छ ।
"बुटवल, मा, नयाँ, जलविद्युत, आयोजना, उद्घाटन, भयो, ।","PROPN, ADP, ADJ, NOUN, NOUN, NOUN, AUX, PUNCT","['बुटवल', 'मा', 'नयाँ', 'जलविद्युत', 'आयोजना', 'उद्घाटन', 'भयो', '।']","['PROPN', 'ADP', 'ADJ', 'NOUN', 'NOUN', 'NOUN', 'AUX', 'PUNCT']",8,8,True,बुटवल मा नयाँ जलविद्युत आयोजना उद्घाटन भयो ।
"राष्ट्रियसभाले, आगामी, सामाजिक, सुरक्षा, विधेयक, पारित, गर्यो, ।","NOUN, ADJ, ADJ, NOUN, NOUN, VERB, VERB, PUNCT","['राष्ट्रियसभाले', 'आगामी', 'सामाजिक', 'सुरक्षा', 'विधेयक', 'पारित', 'गर्यो', '।']","['NOUN', 'ADJ', 'ADJ', 'NOUN', 'NOUN', 'VERB', 'VERB', 'PUNCT']",8,8,True,राष्ट्रियसभाले आगामी सामाजिक सुरक्षा विधेयक पारित गर्यो ।
"नेपाल, पर्यटन, बोर्डले, पोखरामा, नयाँ, होटेल, प्रमोशन, सुरु, गरेको, छ, ।","PROPN, NOUN, NOUN, PROPN, ADJ, NOUN, NOUN, VERB, VERB, AUX, PUNCT","['नेपाल', 'पर्यटन', 'बोर्डले', 'पोखरामा', 'नयाँ', 'होटेल', 'प्रमोशन', 'सुरु', 'गरेको', 'छ', '।']","['PROPN', 'NOUN', 'NOUN', 'PROPN', 'ADJ', 'NOUN', 'NOUN', 'VERB', 'VERB', 'AUX', 'PUNCT']",11,11,True,नेपाल पर्यटन बोर्डले पोखरामा नयाँ होटेल प्रमोशन सुरु गरेको छ ।
"काठमाडौँ,पोखरा, राजमार्ग, मर्मत,को, काम, सुरु, भएको, छ, ।","PROPN, PROPN, NOUN, NOUN, ADP, NOUN, VERB, VERB, AUX, PUNCT","['काठमाडौँ', 'पोखरा', 'राजमार्ग', 'मर्मत', 'को', 'काम', 'सुरु', 'भएको', 'छ', '।']","['PROPN', 'PROPN', 'NOUN', 'NOUN', 'ADP', 'NOUN', 'VERB', 'VERB', 'AUX', 'PUNCT']",10,10,True,काठमाडौँ पोखरा राजमार्ग मर्मत को काम सुरु भएको छ ।
"जिल्ला, अदालत, ललितपुरले, नयाँ, फैसला, सुनायो, ।","NOUN, NOUN, PROPN, ADJ, NOUN, VERB, PUNCT","['जिल्ला', 'अदालत', 'ललितपुरले', 'नयाँ', 'फैसला', 'सुनायो', '।']","['NOUN', 'NOUN', 'PROPN', 'ADJ', 'NOUN', 'VERB', 'PUNCT']",7,7,True,जिल्ला अदालत ललितपुरले नयाँ फैसला सुनायो ।
"रोहन, आज, बुटवल, बजार, मा, किनमेल, गर्न, गयो, ।","PROPN, ADV, PROPN, NOUN, ADP, VERB, VERB, VERB, PUNCT","['रोहन', 'आज', 'बुटवल', 'बजार', 'मा', 'किनमेल', 'गर्न', 'गयो', '।']","['PROPN', 'ADV', 'PROPN', 'NOUN', 'ADP', 'VERB', 'VERB', 'VERB', 'PUNCT']",9,9,True,रोहन आज बुटवल बजार मा किनमेल गर्न गयो ।
"सुष्मा, पोखरा, को, लेकसाइड, घुम्न, गइन्, ।","PROPN, PROPN, ADP, PROPN, VERB, VERB, PUNCT","['सुष्मा', 'पोखरा', 'को', 'लेकसाइड', 'घुम्न', 'गइन्', '।']","['PROPN', 'PROPN', 'ADP', 'PROPN', 'VERB', 'VERB', 'PUNCT']",7,7,True,सुष्मा पोखरा को लेकसाइड घुम्न गइन् ।
"अर्जुन, काठमाडौं, को, ठमेल, क्षेत्र, भ्रमण, मा, छ, ।","PROPN, PROPN, ADP, PROPN, NOUN, NOUN, ADP, AUX, PUNCT","['अर्जुन', 'काठमाडौं', 'को', 'ठमेल', 'क्षेत्र', 'भ्रमण', 'मा', 'छ', '।']","['PROPN', 'PROPN', 'ADP', 'PROPN', 'NOUN', 'NOUN', 'ADP', 'AUX', 'PUNCT']",9,9,True,अर्जुन काठमाडौं को ठमेल क्षेत्र भ्रमण मा छ ।
"कविता, ललितपुर, को, पाटन, दरबार, स्क्वायर, जाँदैछिन्, ।","PROPN, PROPN, ADP, PROPN, NOUN, NOUN, VERB, PUNCT","['कविता', 'ललितपुर', 'को', 'पाटन', 'दरबार', 'स्क्वायर', 'जाँदैछिन्', '।']","['PROPN', 'PROPN', 'ADP', 'PROPN', 'NOUN', 'NOUN', 'VERB', 'PUNCT']",8,8,True,कविता ललितपुर को पाटन दरबार स्क्वायर जाँदैछिन् ।
"अजय, भक्तपुर, को, दरबार, स्क्वायर, घुम्न, गयो, ।","PROPN, PROPN, ADP, NOUN, NOUN, VERB, VERB, PUNCT","['अजय', 'भक्तपुर', 'को', 'दरबार', 'स्क्वायर', 'घुम्न', 'गयो', '।']","['PROPN', 'PROPN', 'ADP', 'NOUN', 'NOUN', 'VERB', 'VERB', 'PUNCT']",8,8,True,अजय भक्तपुर को दरबार स्क्वायर घुम्न गयो ।
"माया, जनकपुरधाम, को, जानकी, मन्दिर, दर्शन, गर्न, गइन्, ।","PROPN, PROPN, ADP, PROPN, NOUN, VERB, VERB, VERB, PUNCT","['माया', 'जनकपुरधाम', 'को', 'जानकी', 'मन्दिर', 'दर्शन', 'गर्न', 'गइन्', '।']","['PROPN', 'PROPN', 'ADP', 'PROPN', 'NOUN', 'VERB', 'VERB', 'VERB', 'PUNCT']",9,9,True,माया जनकपुरधाम को जानकी मन्दिर दर्शन गर्न गइन् ।
"विवेक, धरान, को, मेची, बजार, मा, भेटियो, ।","PROPN, PROPN, ADP, PROPN, NOUN, ADP, VERB, PUNCT","['विवेक', 'धरान', 'को', 'मेची', 'बजार', 'मा', 'भेटियो', '।']","['PROPN', 'PROPN', 'ADP', 'PROPN', 'NOUN', 'ADP', 'VERB', 'PUNCT']",8,8,True,विवेक धरान को मेची बजार मा भेटियो ।
"सृष्टि, झापा, को, भुलभुले, बजार, मा, किनमेल, गर्दैछिन्, ।","PROPN, PROPN, ADP, PROPN, NOUN, ADP, VERB, VERB, PUNCT","['सृष्टि', 'झापा', 'को', 'भुलभुले', 'बजार', 'मा', 'किनमेल', 'गर्दैछिन्', '।']","['PROPN', 'PROPN', 'ADP', 'PROPN', 'NOUN', 'ADP', 'VERB', 'VERB', 'PUNCT']",9,9,True,सृष्टि झापा को भुलभुले बजार मा किनमेल गर्दैछिन् ।
"निशा, नेपालगञ्ज, विमानस्थल, बाट, उडान, भर्ने, तयारी, मा, छिन्, ।","PROPN, PROPN, NOUN, ADP, NOUN, VERB, NOUN, ADP, AUX, PUNCT","['निशा', 'नेपालगञ्ज', 'विमानस्थल', 'बाट', 'उडान', 'भर्ने', 'तयारी', 'मा', 'छिन्', '।']","['PROPN', 'PROPN', 'NOUN', 'ADP', 'NOUN', 'VERB', 'NOUN', 'ADP', 'AUX', 'PUNCT']",10,10,True,निशा नेपालगञ्ज विमानस्थल बाट उडान भर्ने तयारी मा छिन् ।
"रोहन, लुम्बिनी, मा, बौद्ध, मठ, घुम्न, गयो, ।","PROPN, PROPN, ADP, ADJ, NOUN, VERB, VERB, PUNCT","['रोहन', 'लुम्बिनी', 'मा', 'बौद्ध', 'मठ', 'घुम्न', 'गयो', '।']","['PROPN', 'PROPN', 'ADP', 'ADJ', 'NOUN', 'VERB', 'VERB', 'PUNCT']",8,8,True,रोहन लुम्बिनी मा बौद्ध मठ घुम्न गयो ।
"अर्पण, वीरगन्ज, को, व्यापारिक, बजार, मा, पुगे, ।","PROPN, PROPN, ADP, ADJ, NOUN, ADP, VERB, PUNCT","['अर्पण', 'वीरगन्ज', 'को', 'व्यापारिक', 'बजार', 'मा', 'पुगे', '।']","['PROPN', 'PROPN', 'ADP', 'ADJ', 'NOUN', 'ADP', 'VERB', 'PUNCT']",8,8,True,अर्पण वीरगन्ज को व्यापारिक बजार मा पुगे ।
"प्रज्ञा, चितवन, राष्ट्रिय, निकुञ्ज, भ्रमण, मा, छिन्, ।","PROPN, PROPN, ADJ, NOUN, NOUN, ADP, AUX, PUNCT","['प्रज्ञा', 'चितवन', 'राष्ट्रिय', 'निकुञ्ज', 'भ्रमण', 'मा', 'छिन्', '।']","['PROPN', 'PROPN', 'ADJ', 'NOUN', 'NOUN', 'ADP', 'AUX', 'PUNCT']",8,8,True,प्रज्ञा चितवन राष्ट्रिय निकुञ्ज भ्रमण मा छिन् ।
"मनिष, एभरेस्ट, बेस, क्याम्प, हाइकिङ, मा, सहभागी, छ, ।","PROPN, PROPN, NOUN, NOUN, NOUN, ADP, ADJ, AUX, PUNCT","['मनिष', 'एभरेस्ट', 'बेस', 'क्याम्प', 'हाइकिङ', 'मा', 'सहभागी', 'छ', '।']","['PROPN', 'PROPN', 'NOUN', 'NOUN', 'NOUN', 'ADP', 'ADJ', 'AUX', 'PUNCT']",9,9,True,मनिष एभरेस्ट बेस क्याम्प हाइकिङ मा सहभागी छ ।
"राधिका, नाम्चे, बजार, को, हिमालयन, होटल, मा, छिन्, ।","PROPN, PROPN, NOUN, ADP, ADJ, NOUN, ADP, AUX, PUNCT","['राधिका', 'नाम्चे', 'बजार', 'को', 'हिमालयन', 'होटल', 'मा', 'छिन्', '।']","['PROPN', 'PROPN', 'NOUN', 'ADP', 'ADJ', 'NOUN', 'ADP', 'AUX', 'PUNCT']",9,9,True,राधिका नाम्चे बजार को हिमालयन होटल मा छिन् ।
"किरण, हेटौँडा, मेडिकल, सेन्टर, मा, भेटियो, ।","PROPN, PROPN, ADJ, NOUN, ADP, VERB, PUNCT","['किरण', 'हेटौँडा', 'मेडिकल', 'सेन्टर', 'मा', 'भेटियो', '।']","['PROPN', 'PROPN', 'ADJ', 'NOUN', 'ADP', 'VERB', 'PUNCT']",7,7,True,किरण हेटौँडा मेडिकल सेन्टर मा भेटियो ।
"सीमा, पोखरा, को, फेवा, ताल, घुम्न, गइन्, ।","PROPN, PROPN, ADP, PROPN, NOUN, VERB, VERB, PUNCT","['सीमा', 'पोखरा', 'को', 'फेवा', 'ताल', 'घुम्न', 'गइन्', '।']","['PROPN', 'PROPN', 'ADP', 'PROPN', 'NOUN', 'VERB', 'VERB', 'PUNCT']",8,8,True,सीमा पोखरा को फेवा ताल घुम्न गइन् ।
"अजय, बागलुङ, को, कालिका, मन्दिर, दर्शन, गर्दैछ, ।","PROPN, PROPN, ADP, PROPN, NOUN, VERB, VERB, PUNCT","['अजय', 'बागलुङ', 'को', 'कालिका', 'मन्दिर', 'दर्शन', 'गर्दैछ', '।']","['PROPN', 'PROPN', 'ADP', 'PROPN', 'NOUN', 'VERB', 'VERB', 'PUNCT']",8,8,True,अजय बागलुङ को कालिका मन्दिर दर्शन गर्दैछ ।
"सुषान्त, काठमाडौं, को, स्वयम्भूनाथ, स्तूप, मा, पुगे, ।","PROPN, PROPN, ADP, PROPN, NOUN, ADP, VERB, PUNCT","['सुषान्त', 'काठमाडौं', 'को', 'स्वयम्भूनाथ', 'स्तूप', 'मा', 'पुगे', '।']","['PROPN', 'PROPN', 'ADP', 'PROPN', 'NOUN', 'ADP', 'VERB', 'PUNCT']",8,8,True,सुषान्त काठमाडौं को स्वयम्भूनाथ स्तूप मा पुगे ।
"रोशनी, ललितपुर, को, राष्ट्रिय, संग्रहालय, भ्रमण, मा, छिन्, ।","PROPN, PROPN, ADP, ADJ, NOUN, NOUN, ADP, AUX, PUNCT","['रोशनी', 'ललितपुर', 'को', 'राष्ट्रिय', 'संग्रहालय', 'भ्रमण', 'मा', 'छिन्', '।']","['PROPN', 'PROPN', 'ADP', 'ADJ', 'NOUN', 'NOUN', 'ADP', 'AUX', 'PUNCT']",9,9,True,रोशनी ललितपुर को राष्ट्रिय संग्रहालय भ्रमण मा छिन् ।
"विकाश, धरान, को, मेडिकल, कलेज, मा, जाँच, गर्दैछ, ।","PROPN, PROPN, ADP, ADJ, NOUN, ADP, NOUN, VERB, PUNCT","['विकाश', 'धरान', 'को', 'मेडिकल', 'कलेज', 'मा', 'जाँच', 'गर्दैछ', '।']","['PROPN', 'PROPN', 'ADP', 'ADJ', 'NOUN', 'ADP', 'NOUN', 'VERB', 'PUNCT']",9,9,True,विकाश धरान को मेडिकल कलेज मा जाँच गर्दैछ ।
"टिकापुर, कर्णाली, नदी, किनार, मा, अवस्थित, सहर, हो, ।","PROPN, PROPN, NOUN, NOUN, ADP, VERB, NOUN, AUX, PUNCT","['टिकापुर', 'कर्णाली', 'नदी', 'किनार', 'मा', 'अवस्थित', 'सहर', 'हो', '।']","['PROPN', 'PROPN', 'NOUN', 'NOUN', 'ADP', 'VERB', 'NOUN', 'AUX', 'PUNCT']",9,9,True,टिकापुर कर्णाली नदी किनार मा अवस्थित सहर हो ।
"नाम्चे, बजार, सगरमाथा, क्षेत्रमा, पर्ने, प्रसिद्ध, स्थान, हो, ।","PROPN, NOUN, PROPN, NOUN, VERB, ADJ, NOUN, AUX, PUNCT","['नाम्चे', 'बजार', 'सगरमाथा', 'क्षेत्रमा', 'पर्ने', 'प्रसिद्ध', 'स्थान', 'हो', '।']","['PROPN', 'NOUN', 'PROPN', 'NOUN', 'VERB', 'ADJ', 'NOUN', 'AUX', 'PUNCT']",9,9,True,नाम्चे बजार सगरमाथा क्षेत्रमा पर्ने प्रसिद्ध स्थान हो ।
"भीमदत्त, नगर, सुदूरपश्चिम, प्रदेश, को, महत्वपूर्ण, केन्द्र, हो, ।","PROPN, NOUN, PROPN, NOUN, ADP, ADJ, NOUN, AUX, PUNCT","['भीमदत्त', 'नगर', 'सुदूरपश्चिम', 'प्रदेश', 'को', 'महत्वपूर्ण', 'केन्द्र', 'हो', '।']","['PROPN', 'NOUN', 'PROPN', 'NOUN', 'ADP', 'ADJ', 'NOUN', 'AUX', 'PUNCT']",9,9,True,भीमदत्त नगर सुदूरपश्चिम प्रदेश को महत्वपूर्ण केन्द्र हो ।
"अरनिको, राजमार्ग, काठमाडौँ, लाई, उत्तरी, सिमानासँग, जोड्छ, ।","PROPN, NOUN, PROPN, ADP, ADJ, NOUN, VERB, PUNCT","['अरनिको', 'राजमार्ग', 'काठमाडौँ', 'लाई', 'उत्तरी', 'सिमानासँग', 'जोड्छ', '।']","['PROPN', 'NOUN', 'PROPN', 'ADP', 'ADJ', 'NOUN', 'VERB', 'PUNCT']",8,8,True,अरनिको राजमार्ग काठमाडौँ लाई उत्तरी सिमानासँग जोड्छ ।
"धनुषाधाम, धार्मिक, आस्थाका, लागि, चिनिने, स्थल, हो, ।","PROPN, ADJ, NOUN, ADP, VERB, NOUN, AUX, PUNCT","['धनुषाधाम', 'धार्मिक', 'आस्थाका', 'लागि', 'चिनिने', 'स्थल', 'हो', '।']","['PROPN', 'ADJ', 'NOUN', 'ADP', 'VERB', 'NOUN', 'AUX', 'PUNCT']",8,8,True,धनुषाधाम धार्मिक आस्थाका लागि चिनिने स्थल हो ।
"कालीकोट, पहाडी, भूगोल, भएको, जिल्ला, हो, ।","PROPN, ADJ, NOUN, VERB, NOUN, AUX, PUNCT","['कालीकोट', 'पहाडी', 'भूगोल', 'भएको', 'जिल्ला', 'हो', '।']","['PROPN', 'ADJ', 'NOUN', 'VERB', 'NOUN', 'AUX', 'PUNCT']",7,7,True,कालीकोट पहाडी भूगोल भएको जिल्ला हो ।
"चन्द्रगिरि, डाँडा, काठमाडौँ, उपत्यकाको, दृश्यावलोकन, का, लागि, प्रसिद्ध, छ, ।","PROPN, NOUN, PROPN, NOUN, NOUN, ADP, ADP, ADJ, AUX, PUNCT","['चन्द्रगिरि', 'डाँडा', 'काठमाडौँ', 'उपत्यकाको', 'दृश्यावलोकन', 'का', 'लागि', 'प्रसिद्ध', 'छ', '।']","['PROPN', 'NOUN', 'PROPN', 'NOUN', 'NOUN', 'ADP', 'ADP', 'ADJ', 'AUX', 'PUNCT']",10,10,True,चन्द्रगिरि डाँडा काठमाडौँ उपत्यकाको दृश्यावलोकन का लागि प्रसिद्ध छ ।
"त्रिशूली, नदी, हिमाली, क्षेत्रबाट, उत्पत्ति, भएको, हो, ।","PROPN, NOUN, ADJ, NOUN, NOUN, VERB, AUX, PUNCT","['त्रिशूली', 'नदी', 'हिमाली', 'क्षेत्रबाट', 'उत्पत्ति', 'भएको', 'हो', '।']","['PROPN', 'NOUN', 'ADJ', 'NOUN', 'NOUN', 'VERB', 'AUX', 'PUNCT']",8,8,True,त्रिशूली नदी हिमाली क्षेत्रबाट उत्पत्ति भएको हो ।
"सिराहा, तराई, क्षेत्रमा, पर्ने, जिल्ला, हो, ।","PROPN, NOUN, NOUN, VERB, NOUN, AUX, PUNCT","['सिराहा', 'तराई', 'क्षेत्रमा', 'पर्ने', 'जिल्ला', 'हो', '।']","['PROPN', 'NOUN', 'NOUN', 'VERB', 'NOUN', 'AUX', 'PUNCT']",7,7,True,सिराहा तराई क्षेत्रमा पर्ने जिल्ला हो ।
"बझाङ, सुदूरपश्चिम, को, दुर्गम, पहाडी, जिल्ला, हो, ।","PROPN, PROPN, ADP, ADJ, ADJ, NOUN, AUX, PUNCT","['बझाङ', 'सुदूरपश्चिम', 'को', 'दुर्गम', 'पहाडी', 'जिल्ला', 'हो', '।']","['PROPN', 'PROPN', 'ADP', 'ADJ', 'ADJ', 'NOUN', 'AUX', 'PUNCT']",8,8,True,बझाङ सुदूरपश्चिम को दुर्गम पहाडी जिल्ला हो ।
"प्यूठान, ऐतिहासिक, र, सांस्कृतिक, महत्व, बोकेको, क्षेत्र, हो, ।","PROPN, ADJ, CCONJ, ADJ, NOUN, VERB, NOUN, AUX, PUNCT","['प्यूठान', 'ऐतिहासिक', 'र', 'सांस्कृतिक', 'महत्व', 'बोकेको', 'क्षेत्र', 'हो', '।']","['PROPN', 'ADJ', 'CCONJ', 'ADJ', 'NOUN', 'VERB', 'NOUN', 'AUX', 'PUNCT']",9,9,True,प्यूठान ऐतिहासिक र सांस्कृतिक महत्व बोकेको क्षेत्र हो ।
"हलेसी, महादेव, धार्मिक, यात्राका, लागि, प्रसिद्ध, छ, ।","PROPN, PROPN, ADJ, NOUN, ADP, ADJ, AUX, PUNCT","['हलेसी', 'महादेव', 'धार्मिक', 'यात्राका', 'लागि', 'प्रसिद्ध', 'छ', '।']","['PROPN', 'PROPN', 'ADJ', 'NOUN', 'ADP', 'ADJ', 'AUX', 'PUNCT']",8,8,True,हलेसी महादेव धार्मिक यात्राका लागि प्रसिद्ध छ ।
"कालापत्थर, हिमाली, दृश्य, का, लागि, परिचित, स्थान, हो, ।","PROPN, ADJ, NOUN, ADP, ADP, ADJ, NOUN, AUX, PUNCT","['कालापत्थर', 'हिमाली', 'दृश्य', 'का', 'लागि', 'परिचित', 'स्थान', 'हो', '।']","['PROPN', 'ADJ', 'NOUN', 'ADP', 'ADP', 'ADJ', 'NOUN', 'AUX', 'PUNCT']",9,9,True,कालापत्थर हिमाली दृश्य का लागि परिचित स्थान हो ।
"बुटवल, पश्चिम, नेपालको, प्रमुख, व्यापारिक, केन्द्र, हो, ।","PROPN, NOUN, PROPN, ADJ, ADJ, NOUN, AUX, PUNCT","['बुटवल', 'पश्चिम', 'नेपालको', 'प्रमुख', 'व्यापारिक', 'केन्द्र', 'हो', '।']","['PROPN', 'NOUN', 'PROPN', 'ADJ', 'ADJ', 'NOUN', 'AUX', 'PUNCT']",8,8,True,बुटवल पश्चिम नेपालको प्रमुख व्यापारिक केन्द्र हो ।
"रोल्पा, पहाडी, भूभाग, मा, फैलिएको, जिल्ला, हो, ।","PROPN, ADJ, NOUN, ADP, VERB, NOUN, AUX, PUNCT","['रोल्पा', 'पहाडी', 'भूभाग', 'मा', 'फैलिएको', 'जिल्ला', 'हो', '।']","['PROPN', 'ADJ', 'NOUN', 'ADP', 'VERB', 'NOUN', 'AUX', 'PUNCT']",8,8,True,रोल्पा पहाडी भूभाग मा फैलिएको जिल्ला हो ।
"मेची, नदी, पूर्वी, सिमानाबाट, बग्ने, नदी, हो, ।","PROPN, NOUN, ADJ, NOUN, VERB, NOUN, AUX, PUNCT","['मेची', 'नदी', 'पूर्वी', 'सिमानाबाट', 'बग्ने', 'नदी', 'हो', '।']","['PROPN', 'NOUN', 'ADJ', 'NOUN', 'VERB', 'NOUN', 'AUX', 'PUNCT']",8,8,True,मेची नदी पूर्वी सिमानाबाट बग्ने नदी हो ।
"खैरहनी, चितवन, जिल्लाको, नगर, क्षेत्र, हो, ।","PROPN, PROPN, NOUN, NOUN, NOUN, AUX, PUNCT","['खैरहनी', 'चितवन', 'जिल्लाको', 'नगर', 'क्षेत्र', 'हो', '।']","['PROPN', 'PROPN', 'NOUN', 'NOUN', 'NOUN', 'AUX', 'PUNCT']",7,7,True,खैरहनी चितवन जिल्लाको नगर क्षेत्र हो ।
"ढोरपाटन, शिकार, आरक्ष, का, रूपमा, चिनिन्छ, ।","PROPN, NOUN, NOUN, ADP, NOUN, VERB, PUNCT","['ढोरपाटन', 'शिकार', 'आरक्ष', 'का', 'रूपमा', 'चिनिन्छ', '।']","['PROPN', 'NOUN', 'NOUN', 'ADP', 'NOUN', 'VERB', 'PUNCT']",7,7,True,ढोरपाटन शिकार आरक्ष का रूपमा चिनिन्छ ।
"गौरीशंकर, हिमाल, दोलखा, क्षेत्रमा, अवस्थित, छ, ।","PROPN, NOUN, PROPN, NOUN, VERB, AUX, PUNCT","['गौरीशंकर', 'हिमाल', 'दोलखा', 'क्षेत्रमा', 'अवस्थित', 'छ', '।']","['PROPN', 'NOUN', 'PROPN', 'NOUN', 'VERB', 'AUX', 'PUNCT']",7,7,True,गौरीशंकर हिमाल दोलखा क्षेत्रमा अवस्थित छ ।
"मालिका, धुरा, हिमाली, भौगोलिक, संरचनामा, पर्छ, ।","PROPN, NOUN, ADJ, ADJ, NOUN, VERB, PUNCT","['मालिका', 'धुरा', 'हिमाली', 'भौगोलिक', 'संरचनामा', 'पर्छ', '।']","['PROPN', 'NOUN', 'ADJ', 'ADJ', 'NOUN', 'VERB', 'PUNCT']",7,7,True,मालिका धुरा हिमाली भौगोलिक संरचनामा पर्छ ।
"राष्ट्रिय, युवा, परिषद्ले, नयाँ, योजना, सार्वजनिक, गरेको, छ, ।","ADJ, NOUN, NOUN, ADJ, NOUN, VERB, VERB, AUX, PUNCT","['राष्ट्रिय', 'युवा', 'परिषद्ले', 'नयाँ', 'योजना', 'सार्वजनिक', 'गरेको', 'छ', '।']","['ADJ', 'NOUN', 'NOUN', 'ADJ', 'NOUN', 'VERB', 'VERB', 'AUX', 'PUNCT']",9,9,True,राष्ट्रिय युवा परिषद्ले नयाँ योजना सार्वजनिक गरेको छ ।
"नेपाल, रेडक्रस, सोसाइटीले, बाढी, प्रभावित, क्षेत्रमा, राहत, वितरण, गरेको, छ, ।","PROPN, PROPN, PROPN, NOUN, ADJ, NOUN, NOUN, NOUN, VERB, AUX, PUNCT","['नेपाल', 'रेडक्रस', 'सोसाइटीले', 'बाढी', 'प्रभावित', 'क्षेत्रमा', 'राहत', 'वितरण', 'गरेको', 'छ', '।']","['PROPN', 'PROPN', 'PROPN', 'NOUN', 'ADJ', 'NOUN', 'NOUN', 'NOUN', 'VERB', 'AUX', 'PUNCT']",11,11,True,नेपाल रेडक्रस सोसाइटीले बाढी प्रभावित क्षेत्रमा राहत वितरण गरेको छ ।
"बागमती, प्रदेश, सरकारले, स्वास्थ्य, सुधार, योजना, लागू, गरेको, छ, ।","PROPN, NOUN, NOUN, NOUN, NOUN, NOUN, VERB, VERB, AUX, PUNCT","['बागमती', 'प्रदेश', 'सरकारले', 'स्वास्थ्य', 'सुधार', 'योजना', 'लागू', 'गरेको', 'छ', '।']","['PROPN', 'NOUN', 'NOUN', 'NOUN', 'NOUN', 'NOUN', 'VERB', 'VERB', 'AUX', 'PUNCT']",10,10,True,बागमती प्रदेश सरकारले स्वास्थ्य सुधार योजना लागू गरेको छ ।
"मोरङ, मा, नयाँ, अस्पताल, उद्घाटन, भएको, छ, ।","PROPN, ADP, ADJ, NOUN, NOUN, VERB, AUX, PUNCT","['मोरङ', 'मा', 'नयाँ', 'अस्पताल', 'उद्घाटन', 'भएको', 'छ', '।']","['PROPN', 'ADP', 'ADJ', 'NOUN', 'NOUN', 'VERB', 'AUX', 'PUNCT']",8,8,True,मोरङ मा नयाँ अस्पताल उद्घाटन भएको छ ।
"राष्ट्रिय, जनगणना, आगामी, असार, मा, सञ्चालन, हुने, भएको, छ, ।","ADJ, NOUN, ADJ, PROPN, ADP, VERB, VERB, VERB, AUX, PUNCT","['राष्ट्रिय', 'जनगणना', 'आगामी', 'असार', 'मा', 'सञ्चालन', 'हुने', 'भएको', 'छ', '।']","['ADJ', 'NOUN', 'ADJ', 'PROPN', 'ADP', 'VERB', 'VERB', 'VERB', 'AUX', 'PUNCT']",10,10,True,राष्ट्रिय जनगणना आगामी असार मा सञ्चालन हुने भएको छ ।
"अंशु, बर्दियाको, राप्ती, नदी, किनार, मा, पुगे, ।","PROPN, NOUN, PROPN, NOUN, NOUN, ADP, VERB, PUNCT","['अंशु', 'बर्दियाको', 'राप्ती', 'नदी', 'किनार', 'मा', 'पुगे', '।']","['PROPN', 'NOUN', 'PROPN', 'NOUN', 'NOUN', 'ADP', 'VERB', 'PUNCT']",8,8,True,अंशु बर्दियाको राप्ती नदी किनार मा पुगे ।
"प्रिया, झापा, जिल्लाको, बगदुली, बजार, मा, छिन्, ।","PROPN, PROPN, NOUN, PROPN, NOUN, ADP, AUX, PUNCT","['प्रिया', 'झापा', 'जिल्लाको', 'बगदुली', 'बजार', 'मा', 'छिन्', '।']","['PROPN', 'PROPN', 'NOUN', 'PROPN', 'NOUN', 'ADP', 'AUX', 'PUNCT']",8,8,True,प्रिया झापा जिल्लाको बगदुली बजार मा छिन् ।
"सागर, लुम्बिनी, अन्तर्राष्ट्रिय, विमानस्थल, बाट, उडान, भर्न, लागेको, छ, ।","PROPN, PROPN, ADJ, NOUN, ADP, NOUN, VERB, VERB, AUX, PUNCT","['सागर', 'लुम्बिनी', 'अन्तर्राष्ट्रिय', 'विमानस्थल', 'बाट', 'उडान', 'भर्न', 'लागेको', 'छ', '।']","['PROPN', 'PROPN', 'ADJ', 'NOUN', 'ADP', 'NOUN', 'VERB', 'VERB', 'AUX', 'PUNCT']",10,10,True,सागर लुम्बिनी अन्तर्राष्ट्रिय विमानस्थल बाट उडान भर्न लागेको छ ।
"रोशनी, पोखरा, को, डेविस, फॉल, घुम्न, गइन्, ।","PROPN, PROPN, ADP, PROPN, PROPN, VERB, VERB, PUNCT","['रोशनी', 'पोखरा', 'को', 'डेविस', 'फॉल', 'घुम्न', 'गइन्', '।']","['PROPN', 'PROPN', 'ADP', 'PROPN', 'PROPN', 'VERB', 'VERB', 'PUNCT']",8,8,True,रोशनी पोखरा को डेविस फॉल घुम्न गइन् ।
"अर्पण, वीरगन्ज, को, बिजुली, बजार, मा, किनमेल, गर्दैछ, ।","PROPN, PROPN, ADP, NOUN, NOUN, ADP, VERB, VERB, PUNCT","['अर्पण', 'वीरगन्ज', 'को', 'बिजुली', 'बजार', 'मा', 'किनमेल', 'गर्दैछ', '।']","['PROPN', 'PROPN', 'ADP', 'NOUN', 'NOUN', 'ADP', 'VERB', 'VERB', 'PUNCT']",9,9,True,अर्पण वीरगन्ज को बिजुली बजार मा किनमेल गर्दैछ ।
"जिरी, हिमाली, पदयात्राका, लागि, प्रसिद्ध, स्थान, हो, ।","PROPN, ADJ, NOUN, ADP, ADJ, NOUN, AUX, PUNCT","['जिरी', 'हिमाली', 'पदयात्राका', 'लागि', 'प्रसिद्ध', 'स्थान', 'हो', '।']","['PROPN', 'ADJ', 'NOUN', 'ADP', 'ADJ', 'NOUN', 'AUX', 'PUNCT']",8,8,True,जिरी हिमाली पदयात्राका लागि प्रसिद्ध स्थान हो ।
"बर्दघाट, पश्चिम, नेपालको, एउटा, महत्वपूर्ण, बजार, क्षेत्र, हो, ।","PROPN, NOUN, PROPN, DET, ADJ, NOUN, NOUN, AUX, PUNCT","['बर्दघाट', 'पश्चिम', 'नेपालको', 'एउटा', 'महत्वपूर्ण', 'बजार', 'क्षेत्र', 'हो', '।']","['PROPN', 'NOUN', 'PROPN', 'DET', 'ADJ', 'NOUN', 'NOUN', 'AUX', 'PUNCT']",9,9,True,बर्दघाट पश्चिम नेपालको एउटा महत्वपूर्ण बजार क्षेत्र हो ।
"चाँदनी, दोधारा, कञ्चनपुर, जिल्लामा, अवस्थित, छ, ।","PROPN, PROPN, PROPN, NOUN, VERB, AUX, PUNCT","['चाँदनी', 'दोधारा', 'कञ्चनपुर', 'जिल्लामा', 'अवस्थित', 'छ', '।']","['PROPN', 'PROPN', 'PROPN', 'NOUN', 'VERB', 'AUX', 'PUNCT']",7,7,True,चाँदनी दोधारा कञ्चनपुर जिल्लामा अवस्थित छ ।
"रुकुम, पूर्व, पहाडी, भूभागमा, पर्ने, जिल्ला, हो, ।","PROPN, PROPN, ADJ, NOUN, VERB, NOUN, AUX, PUNCT","['रुकुम', 'पूर्व', 'पहाडी', 'भूभागमा', 'पर्ने', 'जिल्ला', 'हो', '।']","['PROPN', 'PROPN', 'ADJ', 'NOUN', 'VERB', 'NOUN', 'AUX', 'PUNCT']",8,8,True,रुकुम पूर्व पहाडी भूभागमा पर्ने जिल्ला हो ।
"इलाका, प्रशासन, कार्यालय, स्थानीय, प्रशासनिक, संरचनाको, भाग, हो, ।","NOUN, NOUN, NOUN, ADJ, ADJ, NOUN, NOUN, AUX, PUNCT","['इलाका', 'प्रशासन', 'कार्यालय', 'स्थानीय', 'प्रशासनिक', 'संरचनाको', 'भाग', 'हो', '।']","['NOUN', 'NOUN', 'NOUN', 'ADJ', 'ADJ', 'NOUN', 'NOUN', 'AUX', 'PUNCT']",9,9,True,इलाका प्रशासन कार्यालय स्थानीय प्रशासनिक संरचनाको भाग हो ।
"राष्ट्रिय, पत्रकार, संघले, पत्रकार, सम्मेलन, आयोजना, गर्यो, ।","ADJ, NOUN, NOUN, NOUN, NOUN, NOUN, VERB, PUNCT","['राष्ट्रिय', 'पत्रकार', 'संघले', 'पत्रकार', 'सम्मेलन', 'आयोजना', 'गर्यो', '।']","['ADJ', 'NOUN', 'NOUN', 'NOUN', 'NOUN', 'NOUN', 'VERB', 'PUNCT']",8,8,True,राष्ट्रिय पत्रकार संघले पत्रकार सम्मेलन आयोजना गर्यो ।
"सृष्टी, नाम्चे, बजारको, हिमालयन, गेस्ट, हाउसमा, छिन्, ।","PROPN, PROPN, NOUN, ADJ, NOUN, NOUN, AUX, PUNCT","['सृष्टी', 'नाम्चे', 'बजारको', 'हिमालयन', 'गेस्ट', 'हाउसमा', 'छिन्', '।']","['PROPN', 'PROPN', 'NOUN', 'ADJ', 'NOUN', 'NOUN', 'AUX', 'PUNCT']",8,8,True,सृष्टी नाम्चे बजारको हिमालयन गेस्ट हाउसमा छिन् ।
"जिल्ला, प्रशासन, कार्यालय, मोरङले, निषेधाज्ञा, थप, गरेको, छ, ।","NOUN, NOUN, NOUN, PROPN, NOUN, VERB, VERB, AUX, PUNCT","['जिल्ला', 'प्रशासन', 'कार्यालय', 'मोरङले', 'निषेधाज्ञा', 'थप', 'गरेको', 'छ', '।']","['NOUN', 'NOUN', 'NOUN', 'PROPN', 'NOUN', 'VERB', 'VERB', 'AUX', 'PUNCT']",9,9,True,जिल्ला प्रशासन कार्यालय मोरङले निषेधाज्ञा थप गरेको छ ।
"सरकारले, जलविद्युत, आयोजना, विस्तार, गर्ने, तयारी, गरेको, छ, ।","NOUN, NOUN, NOUN, NOUN, VERB, NOUN, VERB, AUX, PUNCT","['सरकारले', 'जलविद्युत', 'आयोजना', 'विस्तार', 'गर्ने', 'तयारी', 'गरेको', 'छ', '।']","['NOUN', 'NOUN', 'NOUN', 'NOUN', 'VERB', 'NOUN', 'VERB', 'AUX', 'PUNCT']",9,9,True,सरकारले जलविद्युत आयोजना विस्तार गर्ने तयारी गरेको छ ।
"रोहन, जनकपुरधामको, धर्मशाला, भ्रमण, मा, छ, ।","PROPN, NOUN, NOUN, NOUN, ADP, AUX, PUNCT","['रोहन', 'जनकपुरधामको', 'धर्मशाला', 'भ्रमण', 'मा', 'छ', '।']","['PROPN', 'NOUN', 'NOUN', 'NOUN', 'ADP', 'AUX', 'PUNCT']",7,7,True,रोहन जनकपुरधामको धर्मशाला भ्रमण मा छ ।
