ID,Standard_Nepali (Source),Category,Sources of news ,Dialect_Text (Target),Entities (Nepali)
1,प्रधानमन्त्री केपी शर्मा ओलीले सिंहदरबारमा नयाँ आर्थिक नीति सार्वजनिक गरेका छन्।,General News,ekantipur,"प्रधानमन्त्री केपी शर्मा ओलीले सिंहदरबारमा नौलो  आर्थिक नीति सार्वजनिक गर्याको  छ।
","केपी शर्मा ओली (PER), सिंहदरबार (LOC)"
2,नेपाल सरकारले आर्थिक वर्ष २०२६/२७ का लागि बजेट प्रस्तुत गरेको छ।,General News,ekantipur,"नेपाल सरकारले आर्थिक वर्ष २०२६/२७ का लागि बजेट प्रस्तुत गर्याको  छ।
","नेपाल (LOC), २०२६/२७ (DATE)"
3,काठमाडौँ महानगरपालिकाले दरबारमार्ग क्षेत्रमा सडक विस्तार कार्य सुरु गरेको छ।,General News,ekantipur,"काठमाडौँ महानगरपालिकाले दरबारमार्ग नि  सडक बनाउन्या  काम  सुरु गर्याको  छ।
","काठमाडौँ महानगरपालिका (ORG), दरबारमार्ग (LOC)"
4,नेपाली कांग्रेसले बुटवलमा आयोजना गरेको कार्यक्रममा नयाँ घोषणा पत्र सार्वजनिक गरेको छ।,General News,ekantipur,"नेपाली कांग्रेसले बुटवलमा आयोजना गर्याको कार्यक्रममा नौलो घोषणा पत्र सार्वजनिक गर्याको  छ।
","नेपाली कांग्रेस (ORG), बुटवल (LOC)"
5,गृहमन्त्री रवि लामिछानेले चितवनमा सुरक्षा अवस्थाबारे निरीक्षण गरेका छन्।,General News,ekantipur,"गृहमन्त्री रवि लामिछानेले चितवनमा सुरक्षा कसो छ भनि बुझ्याको छ  ।
","रवि लामिछाने (PER), चितवन (LOC)"
6,नेकपा (माओवादी) विपक्षी दलले सरकारको निर्णयप्रति आपत्ति जनाएको छ।,General News,ekantipur,विपक्षी दलले सरकारका फैसलामी चित्त बुझयेन ।,नेकपा (माओवादी) → ORG
7,"सगरमाथा क्षेत्रमा पर्यटन प्रवर्द्धन गर्न संस्कृति, पर्यटन तथा नागरिक उड्डयन मन्त्रालयले विशेष योजना ल्याएको छ।",General News,ekantipur,"सगरमाथा क्षेत्रमा पर्यटन निको बनाउन संस्कृति, पर्यटन तथा नागरिक उड्डयन मन्त्रालयले खास  योजना ल्याको छ।
","सगरमाथा (LOC), संस्कृति, पर्यटन तथा नागरिक उड्डयन मन्त्रालय (ORG)"
8,त्रिभुवन अन्तर्राष्ट्रिय विमानस्थलमा हिमालय एयरलाइन्सको जहाज अवतरण गरेको छ।,General News,ekantipur," त्रिभुवन अन्तर्राष्ट्रिय विमानस्थलमा हिमालय एयरलाइन्सको जहाज बस्न्या गर्याको  छ।
","त्रिभुवन अन्तर्राष्ट्रिय विमानस्थल (LOC), हिमालय एयरलाइन्स (ORG)"
9,लुम्बिनी प्रदेश सरकारले बर्दियामा स्वास्थ्य शिविर सञ्चालन गरेको छ।,General News,ekantipur,"लुम्बिनी प्रदेश सरकारले बर्दियामा स्वास्थ्य शिविर सुरु गर्याको  छ।
","लुम्बिनी प्रदेश (LOC), बर्दिया (LOC)"
10,नेपाल राष्ट्र बैंकले मौद्रिक नीति २०२६ सार्वजनिक गरेको छ।,General News,ekantipur,"
नेपाल राष्ट्र बैंकले मौद्रिक नीति २०२६ सार्वजनिक गर्याको  छ।
","नेपाल राष्ट्र बैंक (ORG), मौद्रिक नीति २०२६ (MISC)"
11,पोखरा रंगशालामा आयोजित साफ महिला च्याम्पियनसिप २०२५ मा भारतले नेपाललाई पराजित गरेको छ।,General News,ekantipur,"पोखरा रंगशालामा भयाको  साफ महिला च्याम्पियनसिप २०२५ मा भारतले नेपाललाई हरायाको छ।
","पोखरा (LOC), साफ महिला च्याम्पियनसिप २०२५ (MISC), भारत (LOC), नेपाल (LOC)"
12,राष्ट्रपति रामचन्द्र पौडेलले शीतल निवासमा नयाँ राजदूतलाई नियुक्ति पत्र प्रदान गरेका छन्।,General News,ekantipur,"राष्ट्रपति रामचन्द्र पौडेलले शीतल निवासमा नौलो  राजदूतलाई नियुक्ति पत्र दिन्या गर्याको छ।
","रामचन्द्र पौडेल (PER), शीतल निवास (LOC)"
13,सर्वोच्च अदालतले काठमाडौँमा ऐतिहासिक फैसला सुनाएको छ।,General News,ekantipur,"सर्वोच्च अदालतले काठमाडौँमा ऐतिहासिक फैसला सुनायाको छ।
","सर्वोच्च अदालत (ORG), काठमाडौँ (LOC)"
14,एमाले अध्यक्ष केपी शर्मा ओलीले झापामा पार्टी सभा सम्बोधन गरेका छन्।,General News,ekantipur,"एमाले अध्यक्ष केपी शर्मा ओलीले झापामा पार्टी सभा सम्बोधन गर्याको  छ।
","केपी शर्मा ओली (PER), झापा (LOC), एमाले (ORG)"
15,अञ्जन विष्टले नयाँ राष्ट्रिय कीर्तिमान कायम गरेका छन्।,General News,ekantipur,अञ्जन विष्टले नौलो  राष्ट्रिय कीर्तिमान कायम  गर्याको छ।,अञ्जन विष्ट (PER)
16,माओवादी केन्द्रले रोल्पामा विशेष कार्यक्रम आयोजना गरेको छ।,General News,ekantipur,"माओवादी केन्द्रले रोल्पामा विशेष कार्यक्रम गर्न्या भयाको छ।
","माओवादी केन्द्र (ORG), रोल्पा (LOC)"
17,नेपाल प्रहरीका महानिरीक्षक बसन्त कुँवरले ललितपुरमा निरीक्षण गरेका छन्।,General News,ekantipur,"नेपाल प्रहरीका महानिरीक्षक बसन्त कुँवरले ललितपुरमा निरीक्षण गर्या छ।
","नेपाल प्रहरी (ORG), बसन्त कुँवर (PER), ललितपुर (LOC)"
18,त्रिभुवन विश्वविद्यालयले कीर्तिपुरमा दीक्षान्त समारोह सम्पन्न गरेको छ।,General News,ekantipur,"त्रिभुवन विश्वविद्यालयले कीर्तिपुरमा दीक्षान्त समारोह सकायाको छ।
","त्रिभुवन विश्वविद्यालय (ORG), कीर्तिपुर (LOC)"
19,एशियन डेभलपमेन्ट बैंकले नेपालमा पूर्वाधार परियोजनामा लगानी बढाएको छ।,General News,ekantipur,"एशियन डेभलपमेन्ट बैंकले नेपालमा पूर्वाधार परियोजनामा लगानी बढायाको छ।
","एशियन डेभलपमेन्ट बैंक (ORG), नेपाल (LOC)"
20,बागमती प्रदेश सरकारले हेटौँडामा बजेट सार्वजनिक गरेको छ।,General News,ekantipur,"बागमती प्रदेश सरकारले हेटौँडामा बजेट सार्वजनिक गर्याको छ।
","बागमती प्रदेश (LOC), हेटौँडा (LOC)"
21,"रमेश, तिमी आज काठमाडौं जान्छौ?",Daily Conversation,,"रमेश, तु  आज काठमाडौं जान्या  होइ ?","रमेश (PER), काठमाडौं (LOC)"
22,"सीता, भोलि पोखरामा भेटौंला है।",Daily Conversation,,"सीता, भोलि पोखरामा भेटुली  हाई ।","सीता(PER), पोखरा(LOC)"
23,अञ्जलीले दराजबाट सामान अर्डर गरिन्।,Daily Conversation,,अञ्जलीले दराजबाटी  सामान अर्डर  गर्यो ।,"अञ्जली (PER), दराज (ORG)"
24,हामी शनिबार ललितपुर घुम्न जाँदैछौं।,Daily Conversation,,हामी शनिबार ललितपुर घुम्न जान्या हु ।,ललितपुर (LOC)
25,रोहन अहिले चितवनमा छ रे।,Daily Conversation,,रोहन अहिल चितवनमा छ भन्यो ।,"रोहन (PER), चितवन (LOC)"
26,तिमीले नेपाल बैंकमा पैसा जम्मा गर्यौ?,Daily Conversation,,तुइले  नेपाल बैंकमा पैसा जम्मा गरि ?,नेपाल बैंक (ORG)
27,सन्दीप आज विराटनगरबाट फर्किँदैछन्।,Daily Conversation,,सन्दीप आज विराटनगरबाट आउदै छ ।,"सन्दीप (PER), विराटनगर (LOC)"
28,म भोलि त्रिभुवन विश्वविद्यालय जानुपर्ने भयो।,Daily Conversation,,म भोलि त्रिभुवन विश्वविद्यालय जनुपर्न्या  भयो।,त्रिभुवन विश्वविद्यालय (ORG) 
29,प्रिया अहिले भक्तपुरमा बस्छिन्।,Daily Conversation,,प्रिया अहिले भक्तपुरमा बस्ति छ ।,"प्रिया (PER), भक्तपुर(LOC)"
30,हामी बुद्ध एयरबाट पोखरा जाँदैछौं।,Daily Conversation,,हामी बुद्ध एयरबाट पोखरा जान्या हु ।,"बुद्ध एयर (ORG), पोखरा (LOC)"
31,अमितले एनसेलको सिम किनेछ।,Daily Conversation,,अमितले एनसेलको सिम किन्यो ।,"अमित (PER), एनसेल (ORG)"
32,काठमाडौँमा आज मेलो रहेछ रे।,Daily Conversation,,काठमाडौँमा आज मेला रैछ ।,काठमाडौँ (LOC)
33,सुमनले सगरमाथा हेर्न जाने योजना बनायो।,Daily Conversation,,सुमनले सगरमाथा हेर्नु   जान्या  योजना बनायो।,"सुमन (PER), सगरमाथा (LOC)"
34,तिमी नेपाल प्रहरीमा आवेदन दिन लागेको हो?,Daily Conversation,,तु  पुलिसमा  आवेदन दिनु  लाग्या होइ?,नेपाल प्रहरी (ORG)
35,आशाले पाटन दरबार स्क्वायर घुमिन्।,Daily Conversation,,आशाले पाटन दरबार स्क्वायर घुमी ।,"आशा (PER), पाटन दरबार स्क्वायर (LOC)"
36,हामी धरानमा रहेको बीपी कोइराला स्वास्थ्य विज्ञान प्रतिष्ठान जाँदैछौं।,Daily Conversation,,हामी धरानमा भयाको  बीपी कोइराला स्वास्थ्य विज्ञान प्रतिष्ठान जनुलाछौ ।,"धरान (LOC), बीपी कोइराला स्वास्थ्य विज्ञान प्रतिष्ठान (ORG)"
37,राजेश अहिले जनकपुरमा आफ्नो मामाघर गएका छन्।,Daily Conversation,,राजेश अहिल जनकपुरमा आफ्नो मामाघर गयाको  छ।,"राजेश (PER), जनकपुर (LOC)"
38,तिमीले हिमालयन बैंकको एटीएम प्रयोग गर्यौ?,Daily Conversation,,तुइले  हिमालयन बैंकको एटीएम चलाई  ?,हिमालयन बैंक (ORG)
39,सरिता आज नेपालगञ्जबाट आइन्।,Daily Conversation,,सरिता आज नेपालगञ्जबाट आइ।,"सरिता (PER), नेपालगञ्ज (LOC)"
40,हामी लुम्बिनी घुम्न जाने सोचमा छौं।,Daily Conversation,,हामी लुम्बिनी घुम्न जान्या सोचमा छु ।,लुम्बिनी (LOC)
41,सगरमाथा नेपाल र चीनको सीमामा अवस्थित विश्वको सर्वोच्च शिखर हो।,Cultural/Geography,wikipedia ,सगरमाथा नेपाल र चीनको सीमामा भयाको  दुनियाको  दुनियाको सबैभन्दा  ठुलो डाडो हो।,"सगरमाथा (LOC), नेपाल (LOC), चीन (LOC)"
42,लुम्बिनी रुपन्देही जिल्लामा रहेको भगवान बुद्धको जन्मस्थल हो।,Cultural/Geography,wikipedia ,लुम्बिनी रुपन्देही जिल्लामा भयाको  भगवान बुद्धको जन्मथलो  हो।,"लुम्बिनी (LOC), रुपन्देही (LOC), भगवान बुद्ध (PER)"
43,पशुपतिनाथ मन्दिर काठमाडौंमा बागमती नदीको किनारमा अवस्थित छ।,Cultural/Geography,wikipedia ,पशुपतिनाथको थान  काठमाडौंमा बागमती नदीको किनारमा  छ।,"पशुपतिनाथ मन्दिर (LOC), काठमाडौं (LOC), बागमती नदी (LOC)"
44,जनकपुरधाम मिथिला संस्कृतिको प्रमुख केन्द्र मानिन्छ।,Cultural/Geography,wikipedia ,जनकपुरधाम मिथिला संस्कृतिको मुख्या ठौर मन्यको छ ।,"जनकपुरधाम (LOC), मिथिला (LOC)"
45,गोरखा दरबार नेपालको ऐतिहासिक सम्पदामध्ये एक हो।,Cultural/Geography,wikipedia ,गोरखा दरबार नेपालको ऐतिहासिक सम्पदामध्ये एक हो।,"गोरखा दरबार (LOC), नेपाल (LOC)"
46,रारा ताल मुगु जिल्लामा अवस्थित नेपालको सबैभन्दा ठूलो ताल हो।,Cultural/Geography,wikipedia ,रारा ताल मुगु जिल्लामा भयाको  नेपालको सबभन्दा ठूलो ताल हो।,"रारा ताल (LOC), मुगु (LOC), नेपाल (LOC)"
47,भक्तपुर दरबार स्क्वायर युनेस्कोको विश्व सम्पदा सूचीमा सूचीकृत छ।,Cultural/Geography,wikipedia ,भक्तपुर दरबार स्क्वायर युनेस्कोको विश्व सम्पदा सूचीमा सूचीकृत छ।,"भक्तपुर दरबार स्क्वायर (LOC), युनेस्को (ORG)"
48,चितवन राष्ट्रिय निकुञ्ज नेपालको पहिलो राष्ट्रिय निकुञ्ज हो।,Cultural/Geography,,चितवन राष्ट्रिय निकुञ्ज नेपालको पहिलो राष्ट्रिय निकुञ्ज हो।,"चितवन राष्ट्रिय निकुञ्ज (LOC), नेपाल (LOC)"
49,पाटन दरबार स्क्वायर ललितपुर जिल्लामा अवस्थित छ।,Cultural/Geography,,पाटन दरबार स्क्वायर ललितपुर जिल्लामा  छ।,"पाटन दरबार स्क्वायर (LOC), ललितपुर (LOC)"
50,कर्णाली नदी नेपालको सबैभन्दा लामो नदी हो।,Cultural/Geography,,कर्नाली घाट  नेपालको सबभन्दा लामो घाट हो।,"कर्णाली नदी (LOC), नेपाल (LOC)"
51,इलाम आफ्नो हरियो चिया बगानका लागि प्रसिद्ध छ।,Cultural/Geography,,इलाम आफ्नु  हर्यो  चिया बगानका लागि जान्याको  छ।,इलाम (LOC)
52,मुक्तिनाथ मन्दिर मुस्ताङ जिल्लामा अवस्थित एक पवित्र तीर्थस्थल हो।,Cultural/Geography,,मुक्तिनाथ मन्दिर मुस्ताङ जिल्लामा भयाको  एक पवित्र तीर्थ हो ।,"मुक्तिनाथ मन्दिर (LOC), मुस्ताङ (LOC)"
53,खप्तड राष्ट्रिय निकुञ्ज सुदूरपश्चिम प्रदेशमा पर्दछ।,Cultural/Geography,,खप्तड राष्ट्रिय निकुञ्ज सुदूरपश्चिम प्रदेशमा पड्दो छ ।,"खप्तड राष्ट्रिय निकुञ्ज (LOC), सुदूरपश्चिम प्रदेश (LOC)"
54,तिलौराकोट कपिलवस्तु जिल्लामा अवस्थित ऐतिहासिक स्थल हो।,Cultural/Geography,,तिलौराकोट कपिलवस्तु जिल्लामा भयाको  ऐतिहासिक ठौर  हो।,"तिलौराकोट (LOC), कपिलवस्तु (LOC)"
55,स्वयम्भूनाथ स्तूप काठमाडौं उपत्यकाको प्रमुख धार्मिक स्थल हो।,Cultural/Geography,,स्वयम्भूनाथ स्तूप काठमाडौं उपत्यकाको मूख्य  धार्मिक ठौर  हो।,"स्वयम्भूनाथ स्तूप (LOC), काठमाडौं उपत्यका (LOC)"
56,हिमालय पर्वत शृंखला एशियाको उत्तर भागमा फैलिएको छ।,Cultural/Geography,,हिमालय पर्वत शृंखला एशियाको उत्तर तिर  फैल्याको  छ।,"हिमालय पर्वत शृंखला (LOC), एशिया (LOC)"
57,कोशी टप्पु वन्यजन्तु आरक्ष सुनसरी जिल्लामा अवस्थित छ।,Cultural/Geography,,कोशी टप्पु वन्यजन्तु आरक्ष सुनसरी जिल्लामा  छ।," कोशी टप्पु वन्यजन्तु आरक्ष (LOC), सुनसरी (LOC)"
58,मनकामना मन्दिर गोरखा जिल्लामा अवस्थित प्रसिद्ध धार्मिक स्थल हो।,Cultural/Geography,,मनकामना थान  गोरखा जिल्लामा भयाको  प्रसिद्ध धार्मिक ठौर  हो।,"मनकामना मन्दिर (LOC), गोरखा (LOC)"
59,दार्चुला जिल्लाबाट महाकाली नदी बग्दछ।,Cultural/Geography,,दार्चुला जिल्लाबाट महाकाली घाट बग्दो छ ।," दार्चुला (LOC), महाकाली नदी (LOC)"
60,तिहार नेपालभरि मनाइने महत्वपूर्ण सांस्कृतिक पर्व हो।,Cultural/Geography,,तिहार नेपालभरि मनाउन्या  महत्वपूर्ण सांस्कृतिक त्यार  हो।,नेपाल (LOC)
61,जनकपुरधाममा आयोजित रामजानकी महोत्सवमा हजारौँ भक्तजन सहभागी भएका छन्।,General News,online khabar,जनकपुरधाममा आयोजित रामजानकी महोत्सवमा हजारौँ भक्तजन आउन्या भयाका छन्।,"जनकपुरधाम (LOC), रामजानकी महोत्सव (MISC)"
62,नेपाल विद्युत प्राधिकरणले धरानमा नयाँ सबस्टेशन सञ्चालनमा ल्याएको छ।,General News,online khabar,नेपाल विद्युत प्राधिकरणले धरानमा नौलो  सबस्टेशन सञ्चालनमा ल्याको  छ।,"नेपाल विद्युत प्राधिकरण (ORG), धरान (LOC)"
63,विराटनगर महानगरपालिकाले कोशी प्रदेशसँग सहकार्य गर्ने घोषणा गरेको छ।,General News,online khabar,विराटनगर महानगरपालिकाले कोशी प्रदेशसित  सहकार्य गर्न्या  घोषणा गर्याको  छ।,"विराटनगर महानगरपालिका (ORG), कोशी प्रदेश (LOC)"
64,लुम्बिनी बौद्ध विश्वविद्यालयले रूपन्देहीमा अनुसन्धान केन्द्र स्थापना गरेको छ।,General News,online khabar,लुम्बिनी बौद्ध विश्वविद्यालयले रूपन्देहीमा अनुसन्धान केन्द्र स्थापना गर्याको  छ।,"लुम्बिनी बौद्ध विश्वविद्यालय (ORG), रूपन्देही (LOC)"
65,नेपाल क्रिकेट संघले टियु मैदानमा प्रशिक्षण शिविर सुरु गरेको छ।,General News,online khabar,नेपाल क्रिकेट संघले टियु मैदानमा प्रशिक्षण शिविर सुरु गर्याको  छ।,"नेपाल क्रिकेट संघ (ORG), टियु मैदान (LOC)"
66,चितवन राष्ट्रिय निकुञ्जमा बाघ गणना कार्यक्रम सम्पन्न भएको छ।,General News,online khabar,चितवन राष्ट्रिय निकुञ्जमा बाघ गन्या  काम  सक्यको छ।,चितवन राष्ट्रिय निकुञ्ज (LOC)
67,राष्ट्रिय परीक्षा बोर्डले भक्तपुरमा नतिजा सार्वजनिक गरेको छ।,General News,online khabar,राष्ट्रिय परीक्षा बोर्डले भक्तपुरमा नतिजा सार्वजनिक गर्याको  छ।,"राष्ट्रिय परीक्षा बोर्ड (ORG), भक्तपुर (LOC)"
68,नेपाल वायुसेवा निगमले दुबईका लागि नयाँ उडान सुरु गरेको छ।,General News,online khabar,नेपाल वायुसेवा निगमले दुबईका लागि नौलो  उडान सुरु गर्याको  छ।,"नेपाल वायुसेवा निगम (ORG), दुबई (LOC)"
69,काठमाडौँ उपत्यका खानेपानी लिमिटेडले ललितपुरमा सेवा विस्तार गरेको छ।,General News,online khabar,काठमाडौँ उपत्यका खानेपानी लिमिटेडले ललितपुरमा सेवा विस्तार गर्याको  छ।,"काठमाडौँ उपत्यका खानेपानी लिमिटेड (ORG), ललितपुर (LOC)"
70,सुदूरपश्चिम प्रदेश सरकारले धनगढीमा आपतकालीन बैठक बोलाएको छ।,General News,online khabar,सुदूरपश्चिम प्रदेश सरकारले धनगढीमा आपतकालीन बैठक बोलायाको  छ।,"सुदूरपश्चिम प्रदेश (LOC), धनगढी (LOC)"
71,नेपाल उद्योग वाणिज्य महासंघले पोखरामा आर्थिक सम्मेलन आयोजना गरेको छ।,General News,online khabar,नेपाल उद्योग वाणिज्य महासंघले पोखरामा आर्थिक सम्मेलन आयोजना गर्याको  छ।,"नेपाल उद्योग वाणिज्य महासंघ (ORG), पोखरा (LOC)"
72,प्रधानमन्त्री पुष्पकमल दाहालले गोरखामा विकास परियोजनाको उद्घाटन गरेका छन्।,General News,online khabar,प्रधानमन्त्री पुष्पकमल दाहालले गोरखामा विकास परियोजनाको उद्घाटन गर्याको  छ।,"पुष्पकमल दाहाल (PER), गोरखा (LOC)"
73,नेपाली सेनाले सुर्खेतमा राहत सामग्री वितरण गरेको छ।,General News,online khabar,नेपाली सेनाले सुर्खेतमा राहत सामग्री वितरण गर्याको छ।,"नेपाली सेना (ORG), सुर्खेत (LOC)"
74,विश्व स्वास्थ्य संगठनले नेपाललाई स्वास्थ्य सामग्री सहयोग गरेको छ।,General News,online khabar,विश्व स्वास्थ्य संगठनले नेपाललाई स्वास्थ्य सामग्री सहयोग गर्याको  छ।,"विश्व स्वास्थ्य संगठन (ORG), नेपाल (LOC)"
75,कर्णाली प्रदेश सरकारले जुम्लामा कृषि कार्यक्रम सुरु गरेको छ।,General News,online khabar,कर्णाली प्रदेश सरकारले जुम्लामा कृषि कार्यक्रम सुरु गर्याको छ।,"कर्णाली प्रदेश (LOC), जुम्ला (LOC)"
76,नेपाल टेलिकमले भक्तपुरमा फाइबर सेवा विस्तार गरेको छ।,General News,online khabar,नेपाल टेलिकमले भक्तपुरमा फाइबर सेवा विस्तार गर्याको छ।,"नेपाल टेलिकम (ORG), भक्तपुर (LOC)"
77,राष्ट्रिय स्वतन्त्र पार्टीले चितवनमा आमसभा आयोजना गरेको छ।,General News,online khabar,राष्ट्रिय स्वतन्त्र पार्टीले चितवनमा आमसभा आयोजना गर्याको छ।,"राष्ट्रिय स्वतन्त्र पार्टी (ORG), चितवन (LOC)"
78,बुटवल उपमहानगरपालिकाले रूपन्देहीमा सरसफाइ अभियान सञ्चालन गरेको छ।,General News,online khabar,बुटवल उपमहानगरपालिकाले रूपन्देहीमा सरसफाइ अभियान सुरु  गर्याको छ।,"बुटवल उपमहानगरपालिका (ORG), रूपन्देही (LOC)"
79,त्रिभुवन अन्तर्राष्ट्रिय विमानस्थलमा कतार एयरवेजको उडान अवतरण गरेको छ।,General News,online khabar,त्रिभुवन अन्तर्राष्ट्रिय विमानस्थलमा कतार एयरवेजको उडान अवतरण गर्याको छ।,"त्रिभुवन अन्तर्राष्ट्रिय विमानस्थल (LOC), कतार एयरवेज (ORG)"
80,नेपाल राष्ट्र बैंकका गभर्नर महाप्रसाद अधिकारीले काठमाडौँमा पत्रकार सम्मेलन गरेका छन्।,General News,online khabar,नेपाल राष्ट्र बैंकका गभर्नर महाप्रसाद अधिकारीले काठमाडौँमा पत्रकार सम्मेलन गर्याको छन्।,"नेपाल राष्ट्र बैंक (ORG), महाप्रसाद अधिकारी (PER), काठमाडौँ (LOC)"
81,सुष्मा आज विराटनगर जाँदैछिन्।,Daily Conversation,,सुष्मा आज विराटनगर जनालाग्यकी छ ।,"सुष्मा (PER), विराटनगर (LOC)"
82,दीपकले काठमाडौंमा नयाँ अपार्टमेन्ट भाडामा लिएको छ।,Daily Conversation,,दीपकले काठमाडौंमा नयाँ अपार्टमेन्ट भाडामा लियाको  छ।,"दीपक (PER), काठमाडौं (LOC)"
83,अञ्जना भोलि पोखरा घुम्न जाने योजना बनाइरहेकी छिन्।,Daily Conversation,,अञ्जना भोलि पोखरा घुम्न जान्या  योजना बनाउन लाग्यकी छ ।,"अञ्जना (PER), पोखरा (LOC)"
84,रोहनले नेपाल एयरलाइन्सबाट टिकट किनेको छ।,Daily Conversation,,रोहनले नेपाल एयरलाइन्सबाट टिकट किन्याको  छ।,"रोहन (PER), नेपाल एयरलाइन्स (ORG)"
85,प्रिया आज ललितपुरमा बस्छिन्।,Daily Conversation,,प्रिया आज ललितपुरमा बस्छ ।,"प्रिया (PER), ललितपुर (LOC)"
86,सुजनको कार्यालय त्रिभुवन विश्वविद्यालय छ।,Daily Conversation,,सुजनको कार्यालय त्रिभुवन विश्वविद्यालय छ।,"सुजन (PER), त्रिभुवन विश्वविद्यालय (ORG)"
87,राजेशले एनसेलको नयाँ सिम किने।,Daily Conversation,,राजेशले एनसेलको नौलो  सिम किन्यो ।,"राजेश (PER), एनसेल (ORG)"
88,पूजा नाम्चे बजार घुम्न गएको छ।,Daily Conversation,,पूजा नाम्चे बजार घुम्नु  गयाको  छ।,"पूजा (PER), नाम्चे बजार (LOC)"
89,अयान हेटौँडामा भेटिनेछ।,Daily Conversation,,अयान हेटौँडामा भेटिन्या  हो ।,"अयान (PER), हेटौँडा (LOC)"
90,निशा सगरमाथा क्षेत्र भ्रमणमा छिन्।,Daily Conversation,,निशा सगरमाथा क्षेत्र भ्रमणमा छ।,"निशा (PER), सगरमाथा (LOC)"
91,अर्जुनले लुम्बिनीमा नयाँ रिसोर्ट बुक गरेको छ।,Daily Conversation,,अर्जुनले लुम्बिनीमा नौलो  रिसोर्ट बुक गर्या को  छ।,"अर्जुन (PER), लुम्बिनी (LOC)"
92,मीरा भैरहवामा नयाँ स्कूलमा भर्ना भएकी छिन्।,Daily Conversation,,मीरा भैरहवामा नौलो  स्कूलमा भर्ना भयाकी  छ।,"मीरा (PER), भैरहवा (LOC)"
93,कबिर बुटवलबाट घर फर्कँदैछ।,Daily Conversation,,कबिर बुटवलबाटी  घर आउन लाग्या छ ।,"कबिर (PER), बुटवल (LOC)"
94,सृष्टि पोखरामा नयाँ कलेजको भ्रमणमा छिन्।,Daily Conversation,,सृष्टि पोखरामा नौलो  कलेजको भुमघाममा  छ।,"सृष्टि (PER), पोखरा (LOC)"
95,निशान्तले काठमाडौंमा भेट्ने समय तोकेको छ।,Daily Conversation,,निशान्तले काठमाडौंमा भेट्न्या समय तोक्याको  छ।,"निशान्त (PER), काठमाडौं (LOC)"
96,प्रज्ञा चितवनमा साथीहरूसँग भेट्छिन्।,Daily Conversation,,प्रज्ञा चितवनमा साथीहरूसित  भेट्छ ।,"प्रज्ञा (PER), चितवन (LOC)"
97,राजु एभरेस्ट बेस क्याम्प जाने तयारीमा छ।,Daily Conversation,,राजु एभरेस्ट बेस क्याम्प जान्या  तरखरमा  छ।,"राजु (PER), एभरेस्ट बेस क्याम्प (LOC)"
98,कविता कास्कीमा नयाँ होटेल जाँच गर्न गइन्।,Daily Conversation,,कविता कास्कीमा नौलो  होटेल जाँच गर्न गइ।,"कविता (PER), कास्की (LOC)"
99,अमित रानीको अफिस नेपाल बैंकमा छ।,Daily Conversation,,अमित रानीको अफिस नेपाल बैंकमा छ।,"अमित (PER), रानी (PER), नेपाल बैंक (ORG)"
100,सुमन धरानमा मेडिकल सेन्टर जाँदैछ।,Daily Conversation,,सुमन धरानमा मेडिकल सेन्टर जनुलाग्या छ ।,"सुमन (PER), धरान (LOC)"
101,राष्ट्रपति रामचन्द्र पौडेलले नयाँ आर्थिक नीति सार्वजनिक गरे।,General News,nepalinews,राष्ट्रपति रामचन्द्र पौडेलले नौलो  आर्थिक नीति सार्वजनिक गर्याको  छ  ।,"राष्ट्रपति (PER), रामचन्द्र पौडेल (PER)"
102,प्रधानमन्त्री पुष्पकमल दाहालले आपतकालीन बैठक डाकेका छन्।,General News,nepalinews,प्रधानमन्त्री पुष्पकमल दाहालले आपतकालीन बैठक डाक्याको  छ।,"प्रधानमन्त्री (PER), पुष्पकमल दाहाल (PER)"
103,प्रतिनिधिसभामा १५ फेब्रुअरीमा नयाँ शिक्षा विधेयक पारित भयो।,General News,nepalinews,प्रतिनिधिसभामा १५ फेब्रुअरीमा नौलो  शिक्षा विधेयक पारित भयो।,"प्रतिनिधिसभा (ORG), १५ फेब्रुअरी (DATE)"
104,नेपाली कांग्रेसले आगामी स्थानीय चुनावका लागि रणनीति तयार गरेको छ।,General News,nepalinews,नेपाली कांग्रेसले आउन्या  स्थानीय चुनावका लागि रणनीति तयार गर्याको  छ।,नेपाली कांग्रेस (ORG)
105,संघीय संसदले स्वास्थ्य सेवा सुधारको योजना अनुमोदन गर्यो।,General News,nepalinews,संघीय संसदले स्वास्थ्य सेवा सुधारको योजना अनुमोदन गर्याको छ ।,संघीय संसद (ORG)
106,नेपाल प्रहरीले काठमाडौंमा ट्राफिक सुधार अभियान सुरु गरेको छ।,General News,nepalinews,नेपाल प्रहरीले काठमाडौंमा ट्राफिक सुधार अभियान सुरु गर्याको छ।,"नेपाल प्रहरी (ORG), काठमाडौं (LOC)"
107,शिक्षा मन्त्रालयले नयाँ पाठ्यक्रम लागू गर्ने घोषणा गरेको छ।,General News,nepalinews,शिक्षा मन्त्रालयले नयाँ पाठ्यक्रम लागू  गर्न्या घोषणा गर्याको छ।,शिक्षा मन्त्रालय (ORG)
108,राष्ट्रिय योजना आयोगले बजेट व्यवस्थापनको रिपोर्ट सार्वजनिक गर्यो।,General News,nepalinews,राष्ट्रिय योजना आयोगले बजेट व्यवस्थापनको रिपोर्ट सार्वजनिक गर्याको छ ।,राष्ट्रिय योजना आयोग (ORG)
109,सगरमाथा राष्ट्रिय निकुञ्जमा नयाँ पर्यटक सुविधा निर्माण गरिएको छ।,General News,nepalinews,सगरमाथा राष्ट्रिय निकुञ्जमा नौलो  पर्यटक सुविधा निर्माण गर्याको छ।,सगरमाथा राष्ट्रिय निकुञ्ज (LOC)
110,बुटवलमा नयाँ जलविद्युत आयोजना उद्घाटन भयो।,General News,nepalinews,बुटवलमा नौलो  जलविद्युत आयोजना उद्घाटन भयो।,बुटवल (LOC)
111,भारतीय दूतावासले काठमाडौंमा नयाँ कार्यक्रम आयोजना गर्यो।,General News,nepalinews,भारतीय दूतावासले काठमाडौंमा नौलो  कार्यक्रम आयोजना गर्याको छ ।,"भारतीय दूतावास (ORG), काठमाडौं (LOC)"
112,राष्ट्रियसभा सदस्यहरूसँग सोमबार विशेष बैठक आयोजना गरियो।,General News,nepalinews,राष्ट्रियसभा सदस्यहरूसँग सोमबार विशेष बैठक आयोजना गर्यो ।,"राष्ट्रियसभा (ORG), सोमबार (DATE)"
113,स्वास्थ्य मन्त्रालयले २० फेब्रुअरीदेखि खोप कार्यक्रम सुरु गर्ने निर्णय गर्यो।,General News,nepalinews,स्वास्थ्य मन्त्रालयले २० फेब्रुअरीदेखि खोप कार्यक्रम सुरु गर्न्या  निर्णय गर्यको छ ।,"स्वास्थ्य मन्त्रालय (ORG), २० फेब्रुअरी (DATE)"
114,नेपाल विद्युत प्राधिकरणले नयाँ सबस्टेशन निर्माण गर्यो।,General News,nepalinews,नेपाल विद्युत प्राधिकरणले नौलो  सबस्टेशन निर्माण गर्यो।,नेपाल विद्युत प्राधिकरण (ORG)
115,काठमाडौं महानगरपालिकाले सडक मर्मतकार्य सुरु गरेको छ।,General News,nepalinews,काठमाडौं महानगरपालिकाले सडक मर्मतकार्य सुरु गर्याको  छ।,"काठमाडौं महानगरपालिका (ORG), काठमाडौं (LOC)"
116,प्रहरी प्रधान कार्यालयले सुरक्षामा कडा कदम चाल्ने जनाएको छ।,General News,nepalinews,प्रहरी प्रधान कार्यालयले सुरक्षामा कडा कदम चलन्या जनाएको छ।,प्रहरी प्रधान कार्यालय (ORG)
117,राष्ट्रिय खेलकुद परिषद्ले नयाँ खेलकुद नीति लागू गरेको छ।,General News,nepalinews,राष्ट्रिय खेलकुद परिषद्ले नौलो  खेलकुद नीति लागू गर्यको  छ।,राष्ट्रिय खेलकुद परिषद् (ORG)
118,पोखरामा नयाँ अन्तर्राष्ट्रिय सम्मेलन आयोजना गरियो।,General News,nepalinews,पोखरामा नौलो  अन्तर्राष्ट्रिय सम्मेलन आयोजना गरियो।,पोखरा (LOC)
119,जिल्ला प्रशासन कार्यालय काठमाडौंले निषेधाज्ञा थप गरेको छ।,General News,nepalinews,जिल्ला प्रशासन कार्यालय काठमाडौंले निषेधाज्ञा थप गर्याको  छ।,"जिल्ला प्रशासन कार्यालय (ORG), काठमाडौं (LOC)"
120,सिन्धुपाल्चोकमा नयाँ पुल निर्माण सम्पन्न भएको छ।,General News,nepalinews,सिन्धुपाल्चोकमा नौलो  पुल निर्माण सम्पन्न भयाको  छ।,सिन्धुपाल्चोक (LOC)
121,अन्जली हेटौँडाको पर्यटन स्थल भ्रमणमा छिन्।,Daily Conversation,,अन्जली हेटौँडाको पर्यटन स्थल भ्रमणमा छ।,"अन्जली (PER), हेटौँडा (LOC)"
122,विकाश वीरगन्जमा नयाँ शाखा खोल्दैछ।,Daily Conversation,,विकाश वीरगन्जमा नौलो  शाखा खोल्न्या छ ।,"विकाश (PER), वीरगन्ज (LOC)"
123,रोशनी झापामा साथी भेट्न गइन्।,Daily Conversation,,रोशनी झापामा साथी भेट्न गइ।,"रोशनी (PER), झापा (LOC)"
124,अर्पणले बागमती प्रदेशको राजधानी भ्रमण गर्दैछ।,Daily Conversation,,अर्पणले बागमती प्रदेशको राजधानी भ्रमण गर्दैछ।,"अर्पण (PER), बागमती प्रदेश (LOC)"
125,माया धनगढी बजारमा किनमेल गर्दैछिन्।,Daily Conversation,,माया धनगढी बजारमा किनमेल गर्दै छ ।,"माया (PER), धनगढी (LOC)"
126,सञ्जय पोखरामा नयाँ रेस्टुरेन्ट हेर्न गएको छ।,Daily Conversation,,सञ्जय पोखरामा नौलो  रेस्टुरेन्ट हेर्न गयाको  छ।,"सञ्जय (PER), पोखरा (LOC)"
127,राधिका नेपालगञ्जमा साथी भेट्न गइन्।,Daily Conversation,,राधिका नेपालगञ्जमा साथी भेट्न गइ।,"राधिका (PER), नेपालगञ्ज (LOC)"
128,विवेक बिराटनगरबाट हिँड्दैछ।,Daily Conversation,,विवेक बिराटनगरबाट हिँड्दैछ।,"विवेक (PER), विराटनगर (LOC)"
129,कविता बर्दिया राष्ट्रिय निकुञ्ज भ्रमणमा छिन्।,Daily Conversation,,कविता बर्दिया राष्ट्रिय निकुञ्ज भ्रमणमा छ।,"कविता (PER), बर्दिया राष्ट्रिय निकुञ्ज (LOC)"
130,अजय पाटन दरबार स्क्वायर जाँदैछ।,Daily Conversation,,अजय पाटन दरबार स्क्वायर जाँदैछ।,"अजय (PER), पाटन दरबार स्क्वायर (LOC)"
131,सीमा काठमाडौँको भृकुटीमण्डपमा छिन्।,Daily Conversation,,सीमा काठमाडौँको भृकुटीमण्डपमा छ।,"सीमा (PER), काठमाडौँ (LOC), भृकुटीमण्डप (LOC)"
132,दीपक एभरेस्ट हाइकिङमा सहभागी छ।,Daily Conversation,,दीपक एभरेस्ट हाइकिङमा सहभागी छ।,"दीपक (PER), एभरेस्ट (LOC)"
133,मीरा जनकपुरधामको सांस्कृतिक स्थल भ्रमणमा छिन्।,Daily Conversation,,मीरा जनकपुरधामको सांस्कृतिक ठौर  भ्रमणमा छ।,"मीरा (PER), जनकपुरधाम (LOC)"
134,अनिश पोखराको फेवा ताल घुम्न गयो।,Daily Conversation,,सञ्जना हुम्ला जिल्ला भ्रमणमा छ।,"अनिश (PER), पोखरा (LOC), फेवा ताल (LOC)"
135,सुषान्त बागलुङको कालिका मन्दिरमा दर्शन गर्दैछ।,Daily Conversation,,सुषान्त बागलुङको कालिका मन्दिरमा दर्शन गर्दैछ।,"सुषान्त (PER), बागलुङ (LOC), कालिका मन्दिर (LOC)"
136,रुविना विराटनगरको व्यापारिक केन्द्रमा भेटिन्छिन्।,Daily Conversation,,रुविना विराटनगरको व्यापारिक केन्द्रमा भेटिन्छ।,"रुविना (PER), विराटनगर (LOC)"
137,मनिष सर्लाही जिल्लामा नयाँ स्कूल भ्रमण गर्दैछ।,Daily Conversation,,मनिष सर्लाही जिल्लामा नयाँ स्कूल भ्रमण गर्दैछ।,"मनिष (PER), सर्लाही (LOC)"
138,अञ्जली ललितपुर कला सङ्ग्रहालय जाँदैछिन्।,Daily Conversation,,अञ्जली ललितपुर कला सङ्ग्रहालय जाँदैछ।,"अञ्जली (PER), ललितपुर कला सङ्ग्रहालय (LOC)"
139,किरण धरानको मेडिकल कलेजमा जाँच गर्न गयो।,Daily Conversation,,किरण धरानको मेडिकल कलेजमा जाँच गर्न गयो।,"किरण (PER), धरान (LOC), मेडिकल कलेज (ORG/LOC)"
140,सञ्जना हुम्ला जिल्ला भ्रमणमा छिन्।,Daily Conversation,,सञ्जना हुम्ला जिल्ला भ्रमणमा छ।,"सञ्जना (PER), हुम्ला (LOC)"
141,डोल्पा नेपालको दुर्गम हिमाली जिल्ला हो।,Cultural/Geography,,डोल्पा नेपालको दुर्गम हिमाली जिल्ला हो।,"डोल्पा (LOC), नेपाल (LOC)"
142,महेन्द्रनगर सुदूरपश्चिम प्रदेशको प्रमुख सहर हो।,Cultural/Geography,,महेन्द्रनगर सुदूरपश्चिम प्रदेशको प्रमुख सहर हो।,"महेन्द्रनगर (LOC), सुदूरपश्चिम प्रदेश (LOC)"
143,पाथीभरा मन्दिर धार्मिक आस्थाको केन्द्र मानिन्छ।,Cultural/Geography,,पाथीभरा मन्दिर धार्मिक आस्थाको केन्द्र मन्यको छ ।,पाथीभरा मन्दिर (LOC)
144,कञ्चनजंघा विश्वको तेस्रो अग्लो हिमाल हो।,Cultural/Geography,,कञ्चनजंघा विश्वको तेस्रो अग्लो हिमाल हो।,कञ्चनजंघा (LOC)
145,धनगढी तराई क्षेत्रको महत्वपूर्ण व्यापारिक केन्द्र हो।,Cultural/Geography,,धनगढी व्यापार गर्न्या  तराईको  निक्कै ठुलो ठौर  हो।,धनगढी (LOC)
146,तिलिचो ताल उच्च हिमाली क्षेत्रमा अवस्थित छ।,Cultural/Geography,,तिलिचो ताल हप्र हिमालमा छ ।,तिलिचो ताल (LOC)
147,बैतडी धार्मिक तथा सांस्कृतिक परम्पराले समृद्ध छ।,Cultural/Geography,,बैतडी धार्मिक तथा सांस्कृतिक परम्पराले भर्याको छ।,बैतडी (LOC)
148,कालीगण्डकी नदी नेपालको प्रमुख नदीमध्ये एक हो।,Cultural/Geography,,कालीगण्डकीको  घाट नेपालको निक्कै मान्याको घाटमा एक हो।,"कालीगण्डकी नदी (LOC), नेपाल (LOC)"
149,सुर्खेत कर्णाली प्रदेशको प्रवेशद्वार मानिन्छ।,Cultural/Geography,,सुर्खेत कर्णाली प्रदेश पस्न्या दर  मन्याको छ  ।,"सुर्खेत (LOC), कर्णाली प्रदेश (LOC)"
150,बागलुङ कालिका मन्दिर धार्मिक दृष्टिले महत्वपूर्ण छ।,Cultural/Geography,,बागलुङ कालिकाको थान धर्मका हिसाब ले निक्कै पुज्जया को ठौर  हो।,"बागलुङ (LOC), कालिका मन्दिर (LOC)"
151,दार्चुला भारत र चीनसँग सिमाना जोडिएको जिल्ला हो।,Cultural/Geography,,दार्चुला भारत र चीनसँग सिमाना जोड़याको जिल्ला हो।,"दार्चुला (LOC), भारत (LOC), चीन (LOC)"
152,फेवा ताल पोखराको आकर्षणको मुख्य केन्द्र हो।,Cultural/Geography,,फेवा ताल पोखराको घुमनै पडन्या ठौर  हो।,"फेवा ताल (LOC), पोखरा (LOC)"
153,रामेछाप पहाडी भूगोलले घेरिएको जिल्ला हो।,Cultural/Geography,,रामेछाप पाहाडले  घेरेको जिल्ला हो।,रामेछाप (LOC)
154,बाँके राष्ट्रिय निकुञ्ज वन्यजन्तु संरक्षणका लागि परिचित छ।,Cultural/Geography,,बाँके राष्ट्रिय निकुञ्ज जंगली जनावोर बचाउनका  लागि  निक्कै मानन्याको छ।,बाँके राष्ट्रिय निकुञ्ज (LOC)
155,मकालु हिमाल पूर्वी नेपालमा अवस्थित छ।,Cultural/Geography,,मकालु हिमाल पूर्वमा पड्डो छ ।,"मकालु हिमाल (LOC), नेपाल (LOC)"
156,जुम्ला स्याउ उत्पादनका लागि प्रसिद्ध छ।,Cultural/Geography,,जुम्ला स्याउ फालाउन्य निक्कै ठाउँ हो।,जुम्ला (LOC)
157,काभ्रे जिल्ला ऐतिहासिक तथा प्राकृतिक स्थलले भरिएको छ।,Cultural/Geography,,काभ्रे जिल्ला ऐतिहासिक तथा प्राकृतिक हिसाब ले भर्र्याको ठौर छ।,काभ्रे (LOC)
158,बलेवा विमानस्थल बागलुङमा अवस्थित छ।,Cultural/Geography,,बलेवा विमानस्थल बागलुङमा पड्दो छ।,"बलेवा विमानस्थल (LOC), बागलुङ (LOC)"
159,खोटाङ पहाडी भूभागमा फैलिएको जिल्ला हो।,Cultural/Geography,,खोटाङ पाहाडभरि  फैल्या  को  जिल्ला हो।,खोटाङ (LOC)
160,ललितपुर कला र संस्कृतिको केन्द्रका रूपमा चिनिन्छ।,Cultural/Geography,,ललितपुर कला र संस्कृतिको मुख्या ठौरका रूपमा चिन्या  छ ।,खोटाङ (LOC)
161,प्रधानमन्त्री कार्यालयले आपतकालीन राहत योजना घोषणा गर्यो।,General News,ekantipur,प्रधानमन्त्री कार्यालयले आपतकालीन राहत योजना घोषणा गर्यो।,प्रधानमन्त्री कार्यालय (ORG)
162,नेपाल लाइफ इन्स्योरेन्सले नयाँ बीमा योजना ल्याएको छ।,General News,ekantipur,नेपाल लाइफ इन्स्योरेन्सले नौलो  बीमा योजना ल्याको छ।,नेपाल लाइफ इन्स्योरेन्स (ORG)
163,काठमाडौँ–पोखरा राजमार्ग मर्मतको काम सुरु भएको छ।,General News,ekantipur,काठमाडौँ–पोखरा राजमार्ग मर्मतको काम सुरु भयाको  छ।,"काठमाडौं (LOC), पोखरा (LOC)"
164,राष्ट्रिय युवा परिषद्ले नयाँ कार्यक्रम सुरु गरेको छ।,General News,ekantipur,राष्ट्रिय युवा परिषद्ले नयाँ कार्यक्रम सुरु गर्याको  छ।,राष्ट्रिय युवा परिषद् (ORG)
165,भूकम्पपछिको पुनर्निर्माणमा संयुक्त राष्ट्रसंघले सहयोग जनाएको छ।,General News,ekantipur,भूकम्पपछिको पुनर्निर्माणमा संयुक्त राष्ट्रसंघले सहयोग जनायाको  छ।,संयुक्त राष्ट्रसंघ (ORG)
166,जिल्ला अदालत काठमाडौंले नयाँ फैसलाको घोषणा गर्यो।,General News,ekantipur,जिल्ला अदालत काठमाडौंले नयाँ फैसलाको घोषणा गर्यो।,"जिल्ला अदालत (ORG), काठमाडौं (LOC)"
167,भक्तपुरमा नयाँ विद्यालय भवन निर्माण सम्पन्न भएको छ।,General News,ekantipur,भक्तपुरमा नौलो विद्यालय भवन निर्माण सम्पन्न भयाको  छ।,भक्तपुर (LOC)
168,नेपाल पर्यटन बोर्डले नयाँ प्रवर्द्धन कार्यक्रम सुरु गरेको छ।,General News,ekantipur,नेपाल पर्यटन बोर्डले नौलो  प्रवर्द्धन कार्यक्रम सुरु गर्याको  छ।,नेपाल पर्यटन बोर्ड (ORG)
169,वाणिज्य मन्त्रालयले आयात–निर्यात नीति संशोधन गरेको छ।,General News,ekantipur,वाणिज्य मन्त्रालयले आयात–निर्यात नीति संशोधन गर्याको  छ।,वाणिज्य मन्त्रालय (ORG)
170,मोरङमा नयाँ अस्पताल उद्घाटन भयो।,General News,ekantipur,मोरङमा नौलो  अस्पताल उद्घाटन भयो।,मोरङ (LOC)
171,राष्ट्रियसभाले सामाजिक सुरक्षा विधेयक पारित गरेको छ।,General News,ekantipur,राष्ट्रियसभाले सामाजिक सुरक्षा विधेयक पारित गर्याको  छ।,राष्ट्रियसभा (ORG)
172,बागमती प्रदेश सरकारले सडक सुधार योजना लागू गरेको छ।,General News,ekantipur,बागमती प्रदेश सरकारले सडक सुधार योजना लागू गर्याको  छ।,"बागमती प्रदेश (LOC), बागमती प्रदेश सरकार (ORG)"
173,राष्ट्रिय पत्रकार संघले पत्रकार सम्मेलन आयोजना गर्यो।,General News,ekantipur,राष्ट्रिय पत्रकार संघले पत्रकार सम्मेलन आयोजना गर्यो।,राष्ट्रिय पत्रकार संघ (ORG)
174,वीरगन्जमा नयाँ मल्टीस्पेस कम्प्लेक्स सञ्चालनमा आएको छ।,General News,ekantipur,वीरगन्जमा नौलो  मल्टीस्पेस कम्प्लेक्स सञ्चालनमा आयाको  छ।,वीरगन्ज (LOC)
175,प्रधानमन्त्रीले अन्तर्राष्ट्रिय सम्मेलनमा प्रतिनिधि पठाउने निर्णय गरे।,General News,ekantipur,प्रधानमन्त्रीले अन्तर्राष्ट्रिय सम्मेलनमा प्रतिनिधि पठाउने निर्णय गर्यो ।,प्रधानमन्त्री (PER)
176,नेपाल रेडक्रस सोसाइटीले राहत वितरण कार्य सुरु गरेको छ।,General News,nepalitimes,नेपाल रेडक्रस सोसाइटीले राहत बाड्ण्य़ा काम  सुरु गर्याको  छ।,नेपाल रेडक्रस सोसाइटी (ORG)
177,राष्ट्रियसभा सदस्यहरूद्वारा सामाजिक नीति समीक्षा गरिएको छ।,General News,nepalitimes,राष्ट्रियसभा सदस्यहरूद्वारा सामाजिक नीति समीक्षा गर्याको  छ।,राष्ट्रियसभा (ORG)
178,काठमाडौं–ललितपुर सवारी सुधार अभियान सुरु भएको छ।,General News,nepalitimes,काठमाडौं–ललितपुर सवारी सुधार अभियान सुरु भयाको  छ।,"काठमाडौं (LOC), ललितपुर (LOC)"
179,राष्ट्रिय जनगणना आगामी असारमा सञ्चालन हुने भएको छ।,General News,nepalitimes,राष्ट्रिय जनगणना आगामी असारमा सञ्चालन हुने भयाको छ।, असार (DATE)
180,नेपाल पर्यटन बोर्डले पोखरामा नयाँ होटेल प्रमोशन सुरु गरेको छ।,General News,nepalitimes,नेपाल पर्यटन बोर्डले पोखरामा नौलो होटेल प्रमोशन सुरु गर्याको छ।,"नेपाल पर्यटन बोर्ड (ORG), पोखरा (LOC)"
181,मीरा हुम्ला जिल्लाको ट्रेकिङमा गइन्।,Daily Conversation,,मीरा हुम्ला जिल्लाको ट्रेकिङमा गइ।,"मीरा (PER), हुम्ला (LOC)"
182,अनिश काठमाडौँको भृकुटीमण्डपमा मेलामा छ।,Daily Conversation,,अनिश काठमाडौँको भृकुटीमण्डपमा मेलामा छ।,"अनिश (PER), काठमाडौँ (LOC), भृकुटीमण्डप (LOC)"
183,सञ्जय विराटनगरको सांस्कृतिक स्थल घुम्दैछ।,Daily Conversation,,सञ्जय विराटनगरको सांस्कृतिक ठौर  घुम्दैछ।,"सञ्जय (PER), विराटनगर (LOC)"
184,रुविना धनगढी बजारमा किनमेल गर्दैछिन्।,Daily Conversation,,रुविना धनगढी बजारमा किनमेल गर्दैछ।,"रुविना (PER), धनगढी (LOC)"
185,कबिर बुटवलको नयाँ रेस्टुरेन्टमा पुगे।,Daily Conversation,,कबिर बुटवलको नौलो रेस्टुरेन्टमा पुग्यो ।,"कबिर (PER), बुटवल (LOC), रेस्टुरेन्ट (LOC)"
186,अञ्जली पोखराको माउंटेन म्यूजियममा घुम्दैछिन्।,Daily Conversation,,अञ्जली पोखराको माउंटेन म्यूजियममा घुम्दैछ।,"अञ्जली (PER), पोखरा (LOC), माउंटेन म्यूजियम (LOC)"
187,सुमन ललितपुरको हनुमानढोका दरबार भ्रमणमा छ।,Daily Conversation,,सुमन ललितपुरको हनुमानढोका दरबार भ्रमणमा छ।,"सुमन (PER), ललितपुर (LOC), हनुमानढोका दरबार (LOC)"
188,राधा जनकपुरधामको मिथिला मन्दिरमा दर्शन गर्न गइन्।,Daily Conversation,,राधा जनकपुरधामको मिथिला मन्दिरमा दर्शन गर्न गइ।,"राधा (PER), जनकपुरधाम (LOC), मिथिला मन्दिर (LOC)"
189,अर्जुन एभरेस्ट हाइकिङ ट्रेलमा छ।,Daily Conversation,,अर्जुन एभरेस्ट हाइकिङ ट्रेलमा छ।,"अर्जुन (PER), एभरेस्ट हाइकिङ ट्रेल (LOC)"
190,सुष्मिता नाम्चे बजारको होटेलमा बस्दैछिन्।,Daily Conversation,,सुष्मिता नाम्चे बजारको होटेलमा बस्दैछ।,"सुष्मिता (PER), नाम्चे बजार (LOC), होटेल (LOC)"
191,दीपक बागमती प्रदेशको राजधानी भ्रमण गर्दैछ।,Daily Conversation,,दीपक बागमती प्रदेशको राजधानी भ्रमण गर्दैछ।,"दीपक (PER), बागमती प्रदेश (LOC)"
192,प्रज्ञा कास्कीको फेवा तालको भ्रमणमा छिन्।,Daily Conversation,,प्रज्ञा कास्कीको फेवा तालको भ्रमणमा छ।,"प्रज्ञा (PER), कास्की (LOC), फेवा ताल (LOC)"
193,विवेक धरानको मेची नदी किनारमा पुगे।,Daily Conversation,,विवेक धरानको मेची नदी छाल  पुग्यो ।,"विवेक (PER), धरान (LOC), मेची नदी (LOC)"
194,अर्पण हेटौँडाको क्याम्पस भ्रमण गर्दैछ।,Daily Conversation,,अर्पण हेटौँडाको क्याम्पस भ्रमण गर्दैछ।,"अर्पण (PER), हेटौँडा (LOC), क्याम्पस (LOC/ORG)"
195,कविता लुम्बिनीमा बौद्ध स्तूप घुम्न गइन्।,Daily Conversation,,कविता लुम्बिनीमा बौद्ध स्तूप घुम्न गइ।,"कविता (PER), लुम्बिनी (LOC), बौद्ध स्तूप (LOC)"
196,सञ्जना पोखराको लेकसाइड होटलमा छिन्।,Daily Conversation,,सञ्जना पोखराको लेकसाइड होटलमा छ।,"सञ्जना (PER), पोखरा (LOC), लेकसाइड होटल (LOC)"
197,किरण बुटवलको व्यापारिक बजारमा भेटियो।,Daily Conversation,,किरण बुटवलको व्यापारिक बजारमा भेट्यो ।,"किरण (PER), बुटवल (LOC)"
198,मनिष ललितपुरको दरबार स्क्वायर घुम्दैछ।,Daily Conversation,,मनिष ललितपुरको दरबार स्क्वायर घुम्दैछ।,"मनिष (PER), ललितपुर (LOC), दरबार स्क्वायर (LOC)"
199,अजय भक्तपुरको भक्तपुर दरबार भ्रमणमा छ।,Daily Conversation,,अजय भक्तपुरको भक्तपुर दरबार भ्रमणमा छ।,"अजय (PER), भक्तपुर (LOC), भक्तपुर दरबार (LOC)"
200,सीमा धरानको मेडिकल कलेज जाँच गर्दैछिन्।,Daily Conversation,,सीमा धरानको मेडिकल कलेज जाँच गर्दैछ।,"सीमा (PER), धरान (LOC), मेडिकल कलेज (ORG/LOC)"
201,दैलेख मध्यपहाडी क्षेत्रमा अवस्थित जिल्ला हो।,Cultural/Geography,,दैलेख मध्यपहाडी ठौरमा भयाको  जिल्ला हो।,दैलेख (LOC)
202,कञ्चनपुर सुदूरपश्चिमको तराई भागमा पर्छ।,Cultural/Geography,,कञ्चनपुर सुदूरपश्चिमको तराई भागमा पड्दो छ ।,"कञ्चनपुर (LOC), सुदूरपश्चिम (LOC)"
203,घोडाघोडी ताल पर्यटकीय आकर्षणको केन्द्र हो।,Cultural/Geography,,घोडाघोडी ताल पर्यटकले घुमनै पर्न्या ठौर हो।,घोडाघोडी ताल (LOC)
204,अछाम पहाडी भू–संरचनाले परिचित छ।,Cultural/Geography,,अछाम पाहाड  भू–संरचनाले जान्याको छ।,अछाम (LOC)
205,रिडी धार्मिक स्नानका लागि प्रसिद्ध स्थान हो।,Cultural/Geography,,रिडी धार्मिक स्नानका लागि जान्याको ठौर  हो।,रिडी (LOC)
206,तानसेन दरबार ऐतिहासिक महत्व बोकेको संरचना हो।,Cultural/Geography,,तानसेन दरबार ऐतिहासिक महत्व बोक्याको संरचना हो।,तानसेन दरबार (LOC)
207,हुम्ला नेपालको सबैभन्दा दुर्गम जिल्लामध्ये एक हो।,Cultural/Geography,,हुम्ला नेपालको सबैभन्दा दुर्गम जिल्लामध्ये एक हो।,"हुम्ला (LOC), नेपाल (LOC)"
208,कोशी नदी पूर्वी नेपालमा बग्ने प्रमुख नदी हो।,Cultural/Geography,,कोशी नदी पूर्वी नेपालमा बगन्या प्रमुख घाट हो।,"कोशी नदी (LOC), नेपाल (LOC)"
209,मनाङ हिमाली पर्यटनका लागि परिचित छ।,Cultural/Geography,,मनाङ हिमाल घुम्न्या लागि चिन्न्याको छ।,मनाङ (LOC)
210,बागमती नदी काठमाडौँ उपत्यकाबाट बग्छ।,Cultural/Geography,,बागमती नदी काठमान्डू उपत्यकाबाट बग्दो छ ।,"बागमती नदी (LOC), काठमाडौँ उपत्यका (LOC)"
211,पर्सा राष्ट्रिय निकुञ्ज तराई क्षेत्रमा अवस्थित छ।,Cultural/Geography,,पर्सा राष्ट्रिय निकुञ्ज तराई क्षेत्रमा पड़दो छ।,"पर्सा राष्ट्रिय निकुञ्ज (LOC), तराई (LOC)"
212,ललिता निवास काठमाडौँको ऐतिहासिक क्षेत्र हो।,Cultural/Geography,,ललिता निवास काठमाडौँको ऐतिहासिक ठौर हो।,"ललिता निवास (LOC), काठमाडौँ (LOC)"
213,चौतारा सिन्धुपाल्चोक जिल्लाको सदरमुकाम हो।,Cultural/Geography,,चौतारा सिन्धुपाल्चोक जिल्लाको सदरमुकाम हो।,"चौतारा (LOC), सिन्धुपाल्चोक (LOC)"
214,अमरगढी डडेलधुराको प्रमुख सहर हो।,Cultural/Geography,,अमरगढी डडेलधुराको प्रमुख सहर हो।,"अमरगढी (LOC), डडेलधुरा (LOC)"
215,अरुण नदी पूर्वी हिमाली क्षेत्रबाट बग्छ।,Cultural/Geography,,अरुण नदी पूर्वी हिमालको  ठौर देखि बग्दो छ ।,अरुण नदी (LOC)
216,गोक्यो ताल सगरमाथा क्षेत्रभित्र पर्छ।,Cultural/Geography,,गोक्यो ताल सगरमाथा क्षेत्रभित्र पड्डो छ ।,"गोक्यो ताल (LOC), सगरमाथा (LOC)"
217,किमाथांका नेपाल–चीन सिमानामा अवस्थित छ।,Cultural/Geography,,किमाथांका नेपाल–चीन सिमानामा छ।,"किमाथांका (LOC), नेपाल (LOC), चीन (LOC)"
218,बारपाक भूकम्पपछिको पुनर्निर्माणका लागि चिनिन्छ।,Cultural/Geography,,बारपाक भूकम्पपछि पुनर्निर्माणका लागि चिन्याको छ ।,बारपाक (LOC)
219,महाभारत पर्वतमाला नेपालको मध्य भागमा फैलिएको छ।,Cultural/Geography,,महाभारत पर्वतमाला नेपालको बिच भागमा फैल्याको छ।,"महाभारत पर्वतमाला (LOC), नेपाल (LOC)"
220,कुस्मा बजार पर्वत जिल्लाको व्यापारिक केन्द्र हो।,Cultural/Geography,,कुस्मा बजार पर्वत जिल्लाको व्यापारिक ठौर हो।,"कुस्मा बजार (LOC), पर्वत (LOC)"
221,राष्ट्रपति दिपा खनालले नयाँ शिक्षा नीति सार्वजनिक गरे।,General News,online khabar,"राष्ट्रपति दिपा खनाललेनौलो  शिक्षा नीति सार्वजनिक गर्याको छ ।
","राष्ट्रपति (PER), दिपा खनाल (PER)"
222,प्रधानमन्त्री शेरबहादुर देउवाले आर्थिक सुधार कार्यक्रममा सहभागी भए।,General News,online khabar,"प्रधानमन्त्री शेरबहादुर देउवाले आर्थिक सुधार कार्यक्रममा सहभागी भए।
","प्रधानमन्त्री (PER), शेरबहादुर देउवा (PER)"
223,काठमाडौंमा नयाँ अन्तर्राष्ट्रिय व्यापार मेला सुरु भएको छ।,General News,online khabar,"काठमाडौंमानौलो  अन्तर्राष्ट्रिय व्यापार मेला सुरु भयाको  छ।
",काठमाडौं (LOC)
224,नेपाली कांग्रेसले आगामी प्रदेश निर्वाचनको तयारी गरेको छ।,General News,online khabar,"नेपाली कांग्रेसले आगामी प्रदेश निर्वाचनको तयारी गर्याको  छ।
",नेपाली कांग्रेस (ORG)
225,जिल्ला प्रशासन कार्यालय भक्तपुरले आपतकालीन आदेश जारी गर्यो।,General News,online khabar,"जिल्ला प्रशासन कार्यालय भक्तपुरले आपतकालीन आदेश जारी गर्यो।
","जिल्ला प्रशासन कार्यालय (ORG), भक्तपुर (LOC)"
226,स्वास्थ्य मन्त्रालयले २५ फेब्रुअरीदेखि नयाँ खोप अभियान सुरु गर्ने निर्णय गर्यो।,General News,online khabar,"स्वास्थ्य मन्त्रालयले २५ फेब्रुअरीदेखिनौलो  खोप अभियान सुरु गर्न्या  निर्णय गर्यो ।
","स्वास्थ्य मन्त्रालय (ORG), २५ फेब्रुअरी (DATE)"
227,नेपाल प्रहरी कार्यालय धरानले सुरक्षा सुधार अभियान सुरु गरेको छ।,General News,online khabar,"नेपाल प्रहरी कार्यालय धरानले सुरक्षा सुधार अभियान सुरु गर्याको  छ।
","नेपाल प्रहरी कार्यालय (ORG), धरान (LOC)"
228,पोखरामा नयाँ अन्तर्राष्ट्रिय सम्मेलन आयोजना गरियो।,General News,online khabar,"पोखरामानौलो  अन्तर्राष्ट्रिय सम्मेलन आयोजना गरियो।
",पोखरा (LOC)
229,शिक्षा मन्त्रालयले नयाँ पाठ्यपुस्तक वितरण कार्यक्रम सुरु गरेको छ।,General News,online khabar,"शिक्षा मन्त्रालयलेनौलो  पाठ्यपुस्तक वितरण कार्यक्रम सुरु गर्याको  छ।
",शिक्षा मन्त्रालय (ORG)
230,काठमाडौं महानगरपालिकाले सडक मर्मत योजना सुरु गरेको छ।,General News,online khabar,"काठमाडौं महानगरपालिकाले सडक मर्मत योजना सुरु गर्याको  छ।
","काठमाडौं महानगरपालिका (ORG), काठमाडौं (LOC)"
231,नेपाल लाइफ इन्स्योरेन्सले नयाँ बीमा योजना सार्वजनिक गरेको छ।,General News,online khabar,"नेपाल लाइफ इन्स्योरेन्सले नौलो  बीमा योजना सार्वजनिक गर्याको  छ।

",नेपाल लाइफ इन्स्योरेन्स (ORG)
232,राष्ट्रिय खेलकुद परिषद्ले नयाँ खेलकुद प्रतियोगिता घोषणा गरेको छ।,General News,online khabar,"राष्ट्रिय खेलकुद परिषद्लेनौलो  खेलकुद प्रतियोगिता घोषणा गर्याको  छ।
",राष्ट्रिय खेलकुद परिषद् (ORG)
233,वीरगन्जमा नयाँ व्यापारिक कम्प्लेक्स उद्घाटन भयो।,General News,online khabar,"वीरगन्जमा नौलो  व्यापारिक कम्प्लेक्स उद्घाटन भयो।
",वीरगन्ज (LOC)
234,भारतीय दूतावासले काठमाडौंमा नयाँ सांस्कृतिक कार्यक्रम आयोजना गर्यो।,General News,online khabar,"भारतीय दूतावासले काठमाडौंमानौलो  सांस्कृतिक कार्यक्रम आयोजना गर्यो।
","भारतीय दूतावास (ORG), काठमाडौं (LOC)"
235,राष्ट्रिय योजना आयोगले २०७९/८० को बजेट प्रस्तुति गरेको छ।,General News,online khabar,"राष्ट्रिय योजना आयोगले २०७९/८० को बजेट प्रस्तुति गर्याको  छ।
","राष्ट्रिय योजना आयोग (ORG), २०७९/८० (DATE)"
236,बुटवलमा नयाँ जलविद्युत आयोजना उद्घाटन भयो।,General News,ekantipur,"बुटवलमा नौलो  जलविद्युत आयोजना उद्घाटन भयो।
",बुटवल (LOC)
237,राष्ट्रियसभाले आगामी सामाजिक सुरक्षा विधेयक पारित गर्यो।,General News,ekantipur,"राष्ट्रियसभाले आगामी सामाजिक सुरक्षा विधेयक पारित गर्यो।
",राष्ट्रियसभा (ORG)
238,नेपाल पर्यटन बोर्डले पोखरामा नयाँ होटेल प्रमोशन सुरु गरेको छ।,General News,ekantipur,"नेपाल पर्यटन बोर्डले पोखरामा नौलो  होटेल प्रमोशन सुरु गर्याको  छ।
","नेपाल पर्यटन बोर्ड (ORG), पोखरा (LOC)"
239,काठमाडौँ–पोखरा राजमार्ग मर्मतको काम सुरु भएको छ।,General News,ekantipur,"काठमाडौँ–पोखरा राजमार्ग मर्मतको काम सुरु हुन्या भयाको  छ।
","काठमाडौं (LOC), पोखरा (LOC)"
240,जिल्ला अदालत ललितपुरले नयाँ फैसला सुनायो।,General News,ekantipur,"जिल्ला अदालत ललितपुरलेनौलो  फैसला सुनायो।
","जिल्ला अदालत (ORG), ललितपुर (LOC)"
241,रोहन आज बुटवल बजारमा किनमेल गर्न गयो।,Daily Conversation,,"रोहन आज बुटवल बजारमा किनमेल गर्न गयो।
","रोहन (PER), बुटवल (LOC)"
242,सुष्मा पोखराको लेकसाइड घुम्न गइन्।,Daily Conversation,,"सुष्मा पोखराको लेकसाइड घुम्न गइ।
","सुष्मा (PER), पोखरा (LOC), लेकसाइड (LOC)"
243,अर्जुन काठमाडौंको ठमेल क्षेत्र भ्रमणमा छ।,Daily Conversation,,"अर्जुन काठमाडौंको ठमेल ठौर घुमफेरमा  छ।
","अर्जुन (PER), काठमाडौं (LOC), ठमेल (LOC)"
244,कविता ललितपुरको पाटन दरबार स्क्वायर जाँदैछिन्।,Daily Conversation,,"कविता ललितपुरको पाटन दरबार स्क्वायर जाँदैछ।
","कविता (PER), ललितपुर (LOC), पाटन दरबार स्क्वायर (LOC)"
245,अजय भक्तपुरको दरबार स्क्वायर घुम्न गयो।,Daily Conversation,,"अजय भक्तपुरको दरबार स्क्वायर घुम्न गयो।
","अजय (PER), भक्तपुर (LOC), दरबार स्क्वायर (LOC)"
246,माया जनकपुरधामको जानकी मन्दिर दर्शन गर्न गइन्।,Daily Conversation,,"माया जनकपुरधामको जानकी मन्दिर दर्शन गर्न गइ।
","माया (PER), जनकपुरधाम (LOC), जानकी मन्दिर (LOC)"
247,विवेक धरानको मेची बजारमा भेटियो।,Daily Conversation,,"विवेक धरानको मेची बजारमा भेट्यो ।
","विवेक (PER), धरान (LOC), मेची बजार (LOC)"
248,सृष्टि झापाको भुलभुले बजारमा किनमेल गर्दैछिन्।,Daily Conversation,,"सृष्टि झापाको भुलभुले बजारमा किनमेल गर्दैछ।
","सृष्टि (PER), झापा (LOC), भुलभुले बजार (LOC)"
249,निशा नेपालगञ्ज विमानस्थलबाट उडान भर्ने तयारीमा छिन्।,Daily Conversation,,"निशा नेपालगञ्ज विमानस्थलबाट उडान भर्ने तयारीमा छ।
","निशा (PER), नेपालगञ्ज (LOC), विमानस्थल (LOC)"
250,रोहन लुम्बिनीमा बौद्ध मठ घुम्न गयो।,Daily Conversation,,"रोहन लुम्बिनीमा बौद्ध मठ घुम्न गयो।
","रोहन (PER), लुम्बिनी (LOC), बौद्ध मठ (LOC)"
251,अर्पण वीरगन्जको व्यापारिक बजारमा पुगे।,Daily Conversation,,"अर्पण वीरगन्जको व्यापारिक बजारमा पुगे।
","अर्पण (PER), वीरगन्ज (LOC)"
252,प्रज्ञा चितवन राष्ट्रिय निकुञ्ज भ्रमणमा छिन्।,Daily Conversation,,"प्रज्ञा चितवन राष्ट्रिय निकुञ्ज भ्रमणमा छ।
","प्रज्ञा (PER), चितवन राष्ट्रिय निकुञ्ज (LOC)"
253,मनिष एभरेस्ट बेस क्याम्प हाइकिङमा सहभागी छ।,Daily Conversation,,"मनिष एभरेस्ट बेस क्याम्प हाइकिङमा सहभागी छ।
","मनिष (PER), एभरेस्ट बेस क्याम्प (LOC)"
254,राधिका नाम्चे बजारको हिमालयन होटलमा छिन्।,Daily Conversation,,"राधिका नाम्चे बजारको हिमालयन होटलमा छ।
","राधिका (PER), नाम्चे बजार (LOC), हिमालयन होटल (LOC)"
255,किरण हेटौँडा मेडिकल सेन्टरमा भेटियो।,Daily Conversation,,"किरण हेटौँडा मेडिकल सेन्टरमा भेटियो।
","किरण (PER), हेटौँडा (LOC), मेडिकल सेन्टर (ORG/LOC)"
256,सीमा पोखराको फेवा ताल घुम्न गइन्।,Daily Conversation,,सीमा पोखराको फेवा ताल घुम्न गइ |,"सीमा (PER), पोखरा (LOC), फेवा ताल (LOC)"
257,अजय बागलुङको कालिका मन्दिर दर्शन गर्दैछ।,Daily Conversation,,"अजय बागलुङको कालिका मन्दिर दर्शन गर्दैछ।
","अजय (PER), बागलुङ (LOC), कालिका मन्दिर (LOC)"
258,सुषान्त काठमाडौंको स्वयम्भूनाथ स्तूपमा पुगे,Daily Conversation,,"सुषान्त काठमाडौंको स्वयम्भूनाथ स्तूपमा 
पुग्यो ","सुषान्त (PER), काठमाडौं (LOC), स्वयम्भूनाथ स्तूप (LOC)"
259,रोशनी ललितपुरको राष्ट्रिय संग्रहालय भ्रमणमा छिन्।,Daily Conversation,,रोशनी ललितपुरको राष्ट्रिय संग्रहालय भ्रमणमा छ।,"रोशनी (PER), ललितपुर (LOC), राष्ट्रिय संग्रहालय (LOC)"
260,विकाश धरानको मेडिकल कलेजमा जाँच गर्दैछ।,Daily Conversation,,"विकाश धरानको मेडिकल कलेजमा जाँच गर्दैछ।
","विकाश (PER), धरान (LOC), मेडिकल कलेज (ORG/LOC)"
261,टिकापुर कर्णाली नदी किनारमा अवस्थित सहर हो।,Cultural/Geography,,टिकापुर कर्णाली घाटका छालमा पडड़ो छ ।,"टिकापुर (LOC), कर्णाली नदी (LOC)"
262,नाम्चे बजार सगरमाथा क्षेत्रमा पर्ने प्रसिद्ध स्थान हो।,Cultural/Geography,,नाम्चे बजार सगरमाथाको ठौरमा पड्नया निक्कै ठौर हो।,"नाम्चे बजार (LOC), सगरमाथा (LOC)"
263,भीमदत्त नगर सुदूरपश्चिम प्रदेशको महत्वपूर्ण केन्द्र हो।,Cultural/Geography,,भीमदत्त नगर सुदूरपश्चिम प्रदेशको मुख्या ठौर हो।,"भीमदत्त नगर (LOC), सुदूरपश्चिम प्रदेश (LOC)"
264,अरनिको राजमार्ग काठमाडौँलाई उत्तरी सिमानासँग जोड्छ।,Cultural/Geography,,अरनिको बाटो काठमाडौँलाई उत्तरी सिमानासँग जोडड़ो छ ।,"अरनिको राजमार्ग (LOC), काठमाडौँ (LOC)"
265,धनुषाधाम धार्मिक आस्थाका लागि चिनिने स्थल हो।,Cultural/Geography,,धनुषाधाम धर्म  मान्याका लागि चिन्न्याको ठौर हो।,धनुषाधाम (LOC)
266,कालीकोट पहाडी भूगोल भएको जिल्ला हो।,Cultural/Geography,,कालीकोट पहाड भयाको  जिल्ला हो।,कालीकोट (LOC)
267,चन्द्रगिरि डाँडा काठमाडौँ उपत्यकाको दृश्यावलोकनका लागि प्रसिद्ध छ।,Cultural/Geography,,चन्द्रगिरि डाँडोबाट काठमाडौँ ठाउँ निक्कै राम्रो धेकिदो जन्यन्को छ।,"चन्द्रगिरि डाँडा (LOC), काठमाडौँ उपत्यका (LOC)"
268,त्रिशूली नदी हिमाली क्षेत्रबाट उत्पत्ति भएको हो।,Cultural/Geography,,त्रिशूली नदी हिमाली ठाउँबाट निक्ल्याको हो।,त्रिशूली नदी (LOC)
269,सिराहा तराई क्षेत्रमा पर्ने जिल्ला हो।,Cultural/Geography,,सिराहा तराई ठाउँमा  पद्न्या जिल्ला हो।,सिराहा (LOC)
270,बझाङ सुदूरपश्चिमको दुर्गम पहाडी जिल्ला हो।,Cultural/Geography,,बझाङ सुदूरपश्चिमको दुर्गम पहाडी जिल्ला हो।,"बझाङ (LOC), सुदूरपश्चिम (LOC)"
271,प्यूठान ऐतिहासिक र सांस्कृतिक महत्व बोकेको क्षेत्र हो।,Cultural/Geography,,प्यूठान ऐतिहासिक र सांस्कृतिक महत्व बोक्याको  ठाउँ  हो।,प्यूठान (LOC)
272,हलेसी महादेव धार्मिक यात्राका लागि प्रसिद्ध छ।,Cultural/Geography,,हलेसी महादेव धार्मिक घुम्नन लागि जान्यको  छ।,हलेसी महादेव (LOC)
273,कालापत्थर हिमाली दृश्यका लागि परिचित स्थान हो।,Cultural/Geography,,कालापत्थर हिमाल हेर्नका लागि निक्कै राम्रो ठौर हो।,कालापत्थर (LOC)
274,बुटवल पश्चिम नेपालको प्रमुख व्यापारिक केन्द्र हो।,Cultural/Geography,,बुटवल पश्चिम नेपालको जान्यको व्यापारिक केन्द्र हो।,"बुटवल (LOC), नेपाल (LOC)"
275,रोल्पा पहाडी भूभागमा फैलिएको जिल्ला हो।,Cultural/Geography,,रोल्पा पहाडी ठाउँमा  फैल्याको जिल्ला हो।,रोल्पा (LOC)
276,मेची नदी पूर्वी सिमानाबाट बग्ने नदी हो।,Cultural/Geography,,मेची नदी पूर्वी सिमानादेखी बगन्या खोलो हो।,मेची नदी (LOC)
277,खैरहनी चितवन जिल्लाको नगर क्षेत्र हो।,Cultural/Geography,,खैरहनी चितवन जिल्लाको मुख्य ठाउँ  हो।,"खैरहनी (LOC), चितवन (LOC)"
278,ढोरपाटन शिकार आरक्षका रूपमा चिनिन्छ।,Cultural/Geography,,ढोरपाटन शिकार आरक्षकालागि जनय्को छ ।,ढोरपाटन (LOC)
279,गौरीशंकर हिमाल दोलखा क्षेत्रमा अवस्थित छ।,Cultural/Geography,,गौरीशंकर हिमाल दोलखा ठाउँमा रयाको  छ।,"गौरीशंकर हिमाल (LOC), दोलखा (LOC)"
280,मालिका धुरा हिमाली भौगोलिक संरचनामा पर्छ।,Cultural/Geography,,मालिका धुरा हिमाली भौगोलिक संरचनामा  पड्ड़ो छ ।,मालिका धुरा (LOC)
281,राष्ट्रिय युवा परिषद्ले नयाँ योजना सार्वजनिक गरेको छ।,General News,nepalitimes,"राष्ट्रिय युवा परिषद्ले नयाँ योजना सार्वजनिक 
गर्याको छ।",राष्ट्रिय युवा परिषद् (ORG)
282,नेपाल रेडक्रस सोसाइटीले बाढी प्रभावित क्षेत्रमा राहत वितरण गरेको छ।,General News,nepalitimes,नेपाल रेडक्रस सोसाइटीले बाढी प्रभावित क्षेत्रमा राहत वितरण गर्याको छ।,नेपाल रेडक्रस सोसाइटी (ORG)
283,बागमती प्रदेश सरकारले स्वास्थ्य सुधार योजना लागू गरेको छ।,General News,nepalitimes,"बागमती प्रदेश सरकारले स्वास्थ्य सुधार योजना लागू गर्याको छ।
","बागमती प्रदेश सरकार (ORG), बागमती प्रदेश (LOC)"
284,मोरङमा नयाँ अस्पताल उद्घाटन भएको छ।,General News,nepalitimes,"मोरङमा नयाँ अस्पताल उद्घाटन भयाको  छ।
",मोरङ (LOC)
285,राष्ट्रिय जनगणना आगामी असारमा सञ्चालन हुने भएको छ।,General News,nepalitimes,केन्द्रीय बैंकले ब्याजदर समायोजन गरेको घोषणा भयाको छ।, असार (DATE)
286,अंशु बर्दियाको राप्ती नदी किनारमा पुगे।,Daily Conversation,,"अंशु बर्दियाको राप्ती नदी किनारमा पुगे।
","अंशु (PER), बर्दिया (LOC), राप्ती नदी (LOC)"
287,प्रिया झापा जिल्लाको बगदुली बजारमा छिन्।,Daily Conversation,,"प्रिया झापा जिल्लाको बगदुली बजारमा छ।
","प्रिया (PER), झापा (LOC), बगदुली बजार (LOC)"
288,सागर लुम्बिनी अन्तर्राष्ट्रिय विमानस्थलबाट उडान भर्न लागेको छ।,Daily Conversation,,"सागर लुम्बिनी अन्तर्राष्ट्रिय विमानस्थलबाट उडान भर्न  लाग्याको  छ।
","सागर (PER), लुम्बिनी अन्तर्राष्ट्रिय विमानस्थल (LOC)"
289,रोशनी पोखराको डेविस फॉल घुम्न गइन्।,Daily Conversation,,"रोशनी पोखराको डेविस फॉल घुम्न गइ।
","रोशनी (PER), पोखरा (LOC), डेविस फॉल (LOC)"
290,अर्पण वीरगन्जको बिजुली बजारमा किनमेल गर्दैछ।,Daily Conversation,,"अर्पण वीरगन्जको बिजुली बजारमा किनमेल गर्दैछ।
","अर्पण (PER), वीरगन्ज (LOC), बिजुली बजार (LOC)"
291,जिरी हिमाली पदयात्राका लागि प्रसिद्ध स्थान हो।,Cultural/Geography,,"जिरी हिमाली पदयात्राका लागि प्रसिद्ध स्थान हो।
",जिरी (LOC)
292,बर्दघाट पश्चिम नेपालको एउटा महत्वपूर्ण बजार क्षेत्र हो।,Cultural/Geography,,बर्दघाट पश्चिम नेपालको निक्कै महत्वपूर्ण बजारको ठौर हो।,"बर्दघाट (LOC), नेपाल (LOC)"
293,चाँदनी दोधारा कञ्चनपुर जिल्लामा अवस्थित छ।,Cultural/Geography,,चाँदनी दोधारा कञ्चनपुर जिल्लामा रहया छ।,"चाँदनी दोधारा (LOC), कञ्चनपुर (LOC)"
294,रुकुम पूर्व पहाडी भूभागमा पर्ने जिल्ला हो।,Cultural/Geography,,रुकुम पूर्व पहाडको  भूभागमा पर्न्या  जिल्ला हो।,रुकुम पूर्व (LOC)
295,इलाका प्रशासन कार्यालय स्थानीय प्रशासनिक संरचनाको भाग हो।,Cultural/Geography,,इलाका प्रशासन कार्यालय स्थानीय प्रशासनिक संरचनाको भाग हो।,इलाका प्रशासन कार्यालय (ORG / LOC)
296,राष्ट्रिय पत्रकार संघले पत्रकार सम्मेलन आयोजना गर्यो।,General News,ekantipur,"राष्ट्रिय पत्रकार संघले पत्रकार सम्मेलन आयोजना गर्यो।
",राष्ट्रिय पत्रकार संघ (ORG)
297,सृष्टी नाम्चे बजारको हिमालयन गेस्ट हाउसमा छिन्।,Daily Conversation,,"सृष्टी नाम्चे बजारको हिमालयन गेस्ट हाउसमा छ
","सृष्टी (PER), नाम्चे बजार (LOC), हिमालयन गेस्ट हाउस (LOC)"
298,जिल्ला प्रशासन कार्यालय मोरङले निषेधाज्ञा थप गरेको छ।,Cultural/Geography,,"जिल्ला प्रशासन कार्यालय मोरङले निषेधाज्ञा थप गर्याको  छ।
","मार्तडी (LOC), बाजुरा (LOC)"
299,सरकारले जलविद्युत आयोजना विस्तार गर्ने तयारी गरेको छ।,General News,ekantipur,"सरकारले जलविद्युत आयोजना विस्तार गर्ने तयारी गर्याको  छ।
","जिल्ला प्रशासन कार्यालय (ORG), मोरङ (LOC)"
300,रोहन जनकपुरधामको धर्मशाला भ्रमणमा छ।,Daily Conversation,,"रोहन जनकपुरधामको धर्मशाला घुम्फेरमा  छ।
","रोहन (PER), जनकपुरधाम (LOC), धर्मशाला (LOC)"